# T[s],enable,encoder[enc]
-38.093,0,7
-38.083,0,7
-38.073,0,7
-38.063,0,7
-38.052,0,7
-38.043,0,7
-38.034,0,7
-38.023,0,7
-38.014,0,7
-38.003,0,7
-37.993,0,7
-37.983,0,7
-37.973,0,7
-37.963,0,7
-37.953,0,7
-37.943,0,7
-37.933,0,7
-37.924,0,7
-37.913,0,7
-37.903,0,7
-37.892,0,7
-37.883,0,7
-37.872,0,7
-37.862,0,7
-37.854,0,7
-37.842,0,7
-37.832,0,7
-37.823,0,7
-37.813,0,7
-37.803,0,7
-37.793,0,7
-37.782,0,7
-37.772,0,7
-37.762,0,7
-37.754,0,7
-37.743,0,7
-37.733,0,7
-37.723,0,7
-37.713,0,7
-37.703,0,7
-37.694,0,7
-37.683,0,7
-37.673,0,7
-37.660,0,7
-37.647,0,7
-37.641,0,7
-37.633,0,7
-37.622,0,7
-37.613,0,7
-37.603,0,7
-37.594,0,7
-37.583,0,7
-37.573,0,7
-37.562,0,7
-37.553,0,7
-37.543,0,7
-37.533,0,7
-37.523,0,7
-37.512,0,7
-37.503,0,7
-37.493,0,7
-37.483,0,7
-37.473,0,7
-37.463,0,7
-37.453,0,7
-37.442,0,7
-37.432,0,7
-37.424,0,7
-37.414,0,7
-37.404,0,7
-37.393,0,7
-37.383,0,7
-37.373,0,7
-37.363,0,7
-37.352,0,7
-37.342,0,7
-37.334,0,7
-37.323,0,7
-37.313,0,7
-37.303,0,7
-37.293,0,7
-37.283,0,7
-37.273,0,7
-37.262,0,7
-37.254,0,7
-37.244,0,7
-37.233,0,7
-37.223,0,7
-37.213,0,7
-37.203,0,7
-37.193,0,7
-37.183,0,7
-37.173,0,7
-37.162,0,7
-37.154,0,7
-37.144,0,7
-37.130,0,7
-37.117,0,7
-37.110,0,7
-37.102,0,7
-37.093,0,7
-37.083,0,7
-37.074,0,7
-37.062,0,7
-37.053,0,7
-37.043,0,7
-37.032,0,7
-37.022,0,7
-37.012,0,7
-37.003,0,7
-36.993,0,7
-36.983,0,7
-36.974,0,7
-36.961,0,7
-36.953,0,7
-36.943,0,7
-36.933,0,7
-36.923,0,7
-36.914,0,7
-36.904,0,7
-36.892,0,7
-36.880,0,7
-36.868,0,7
-36.861,0,7
-36.853,0,7
-36.843,0,7
-36.834,0,7
-36.822,0,7
-36.814,0,7
-36.804,0,7
-36.791,0,7
-36.783,0,7
-36.772,0,7
-36.762,0,7
-36.753,0,7
-36.743,0,7
-36.733,0,7
-36.723,0,7
-36.710,0,7
-36.699,0,7
-36.691,0,7
-36.683,0,7
-36.673,0,7
-36.663,0,7
-36.654,0,7
-36.644,0,7
-36.634,0,7
-36.623,0,7
-36.613,0,7
-36.603,0,7
-36.593,0,7
-36.583,0,7
-36.572,0,7
-36.562,0,7
-36.552,0,7
-36.542,0,7
-36.533,0,7
-36.523,0,7
-36.513,0,7
-36.503,0,7
-36.493,0,7
-36.483,0,7
-36.474,0,7
-36.463,0,7
-36.453,0,7
-36.443,0,7
-36.433,0,7
-36.423,0,7
-36.413,0,7
-36.403,0,7
-36.392,0,7
-36.384,0,7
-36.374,0,7
-36.361,0,7
-36.353,0,7
-36.342,0,7
-36.332,0,7
-36.323,0,7
-36.313,0,7
-36.302,0,7
-36.293,0,7
-36.282,0,7
-36.273,0,7
-36.263,0,7
-36.253,0,7
-36.242,0,7
-36.232,0,7
-36.222,0,7
-36.214,0,7
-36.204,0,7
-36.193,0,7
-36.183,0,7
-36.173,0,7
-36.163,0,7
-36.154,0,7
-36.143,0,7
-36.132,0,7
-36.124,0,7
-36.113,0,7
-36.103,0,7
-36.093,0,7
-36.083,0,7
-36.074,0,7
-36.063,0,7
-36.053,0,7
-36.042,0,7
-36.034,0,7
-36.023,0,7
-36.012,0,7
-36.003,0,7
-35.993,0,7
-35.984,0,7
-35.973,0,7
-35.962,0,7
-35.952,0,7
-35.944,0,7
-35.933,0,7
-35.923,0,7
-35.913,0,7
-35.903,0,7
-35.892,0,7
-35.883,0,7
-35.874,0,7
-35.863,0,7
-35.854,0,7
-35.843,0,7
-35.833,0,7
-35.823,0,7
-35.814,0,7
-35.802,0,7
-35.792,0,7
-35.782,0,7
-35.773,0,7
-35.763,0,7
-35.753,0,7
-35.743,0,7
-35.733,0,7
-35.723,0,7
-35.712,0,7
-35.702,0,7
-35.692,0,7
-35.683,0,7
-35.673,0,7
-35.661,0,7
-35.653,0,7
-35.643,0,7
-35.633,0,7
-35.622,0,7
-35.614,0,7
-35.603,0,7
-35.593,0,7
-35.583,0,7
-35.573,0,7
-35.562,0,7
-35.552,0,7
-35.543,0,7
-35.532,0,7
-35.524,0,7
-35.514,0,7
-35.503,0,7
-35.493,0,7
-35.483,0,7
-35.473,0,7
-35.462,0,7
-35.452,0,7
-35.444,0,7
-35.434,0,7
-35.420,0,7
-35.408,0,7
-35.398,0,7
-35.393,0,7
-35.383,0,7
-35.373,0,7
-35.362,0,7
-35.352,0,7
-35.343,0,7
-35.333,0,7
-35.323,0,7
-35.313,0,7
-35.303,0,7
-35.293,0,7
-35.283,0,7
-35.273,0,7
-35.261,0,7
-35.253,0,7
-35.243,0,7
-35.233,0,7
-35.223,0,7
-35.214,0,7
-35.202,0,7
-35.193,0,7
-35.182,0,7
-35.174,0,7
-35.161,0,7
-35.153,0,7
-35.142,0,7
-35.133,0,7
-35.122,0,7
-35.113,0,7
-35.104,0,7
-35.094,0,7
-35.084,0,7
-35.073,0,7
-35.063,0,7
-35.052,0,7
-35.043,0,7
-35.032,0,7
-35.022,0,7
-35.012,0,7
-35.003,0,7
-34.993,0,7
-34.983,0,7
-34.973,0,7
-34.963,0,7
-34.954,0,7
-34.942,0,7
-34.932,0,7
-34.924,0,7
-34.913,0,7
-34.903,0,7
-34.893,0,7
-34.883,0,7
-34.873,0,7
-34.862,0,7
-34.852,0,7
-34.842,0,7
-34.834,0,7
-34.822,0,7
-34.809,0,7
-34.797,0,7
-34.788,0,7
-34.782,0,7
-34.773,0,7
-34.762,0,7
-34.752,0,7
-34.744,0,7
-34.733,0,7
-34.723,0,7
-34.713,0,7
-34.703,0,7
-34.692,0,7
-34.683,0,7
-34.674,0,7
-34.662,0,7
-34.654,0,7
-34.643,0,7
-34.633,0,7
-34.623,0,7
-34.612,0,7
-34.602,0,7
-34.592,0,7
-34.583,0,7
-34.573,0,7
-34.563,0,7
-34.553,0,7
-34.543,0,7
-34.533,0,7
-34.523,0,7
-34.513,0,7
-34.498,0,7
-34.487,0,7
-34.482,0,7
-34.473,0,7
-34.463,0,7
-34.453,0,7
-34.443,0,7
-34.434,0,7
-34.423,0,7
-34.414,0,7
-34.402,0,7
-34.391,0,7
-34.383,0,7
-34.373,0,7
-34.362,0,7
-34.353,0,7
-34.342,0,7
-34.333,0,7
-34.324,0,7
-34.313,0,7
-34.303,0,7
-34.293,0,7
-34.283,0,7
-34.273,0,7
-34.263,0,7
-34.253,0,7
-34.242,0,7
-34.234,0,7
-34.224,0,7
-34.213,0,7
-34.203,0,7
-34.193,0,7
-34.183,0,7
-34.173,0,7
-34.163,0,7
-34.154,0,7
-34.142,0,7
-34.134,0,7
-34.120,0,7
-34.108,0,7
-34.101,0,7
-34.093,0,7
-34.083,0,7
-34.073,0,7
-34.062,0,7
-34.054,0,7
-34.043,0,7
-34.033,0,7
-34.021,0,7
-34.013,0,7
-34.002,0,7
-33.993,0,7
-33.982,0,7
-33.972,0,7
-33.962,0,7
-33.953,0,7
-33.943,0,7
-33.933,0,7
-33.923,0,7
-33.913,0,7
-33.895,0,7
-33.888,0,7
-33.882,0,7
-33.873,0,7
-33.863,0,7
-33.853,0,7
-33.843,0,7
-33.833,0,7
-33.822,0,7
-33.814,0,7
-33.804,0,7
-33.793,0,7
-33.783,0,7
-33.770,0,7
-33.758,0,7
-33.752,0,7
-33.742,0,7
-33.733,0,7
-33.723,0,7
-33.714,0,7
-33.704,0,7
-33.691,0,7
-33.683,0,7
-33.673,0,7
-33.663,0,7
-33.651,0,7
-33.638,0,7
-33.628,0,7
-33.623,0,7
-33.612,0,7
-33.603,0,7
-33.592,0,7
-33.583,0,7
-33.573,0,7
-33.563,0,7
-33.553,0,7
-33.543,0,7
-33.533,0,7
-33.523,0,7
-33.513,0,7
-33.503,0,7
-33.493,0,7
-33.483,0,7
-33.473,0,7
-33.462,0,7
-33.454,0,7
-33.443,0,7
-33.433,0,7
-33.423,0,7
-33.413,0,7
-33.403,0,7
-33.392,0,7
-33.383,0,7
-33.373,0,7
-33.363,0,7
-33.353,0,7
-33.343,0,7
-33.333,0,7
-33.323,0,7
-33.313,0,7
-33.302,0,7
-33.292,0,7
-33.284,0,7
-33.274,0,7
-33.262,0,7
-33.253,0,7
-33.243,0,7
-33.234,0,7
-33.223,0,7
-33.212,0,7
-33.203,0,7
-33.193,0,7
-33.182,0,7
-33.171,0,7
-33.163,0,7
-33.153,0,7
-33.143,0,7
-33.133,0,7
-33.123,0,7
-33.114,0,7
-33.102,0,7
-33.093,0,7
-33.083,0,7
-33.073,0,7
-33.062,0,7
-33.053,0,7
-33.042,0,7
-33.034,0,7
-33.023,0,7
-33.014,0,7
-33.003,0,7
-32.993,0,7
-32.982,0,7
-32.973,0,7
-32.962,0,7
-32.953,0,7
-32.942,0,7
-32.934,0,7
-32.923,0,7
-32.913,0,7
-32.903,0,7
-32.893,0,7
-32.883,0,7
-32.872,0,7
-32.862,0,7
-32.854,0,7
-32.842,0,7
-32.833,0,7
-32.823,0,7
-32.813,0,7
-32.803,0,7
-32.792,0,7
-32.782,0,7
-32.772,0,7
-32.762,0,7
-32.753,0,7
-32.743,0,7
-32.733,0,7
-32.723,0,7
-32.713,0,7
-32.703,0,7
-32.692,0,7
-32.684,0,7
-32.674,0,7
-32.662,0,7
-32.653,0,7
-32.643,0,7
-32.632,0,7
-32.623,0,7
-32.613,0,7
-32.602,0,7
-32.593,0,7
-32.584,0,7
-32.573,0,7
-32.562,0,7
-32.553,0,7
-32.543,0,7
-32.533,0,7
-32.523,0,7
-32.514,0,7
-32.502,0,7
-32.493,0,7
-32.483,0,7
-32.471,0,7
-32.463,0,7
-32.453,0,7
-32.442,0,7
-32.433,0,7
-32.423,0,7
-32.414,0,7
-32.402,0,7
-32.393,0,7
-32.383,0,7
-32.373,0,7
-32.363,0,7
-32.353,0,7
-32.342,0,7
-32.333,0,7
-32.322,0,7
-32.313,0,7
-32.303,0,7
-32.293,0,7
-32.283,0,7
-32.273,0,7
-32.262,0,7
-32.254,0,7
-32.243,0,7
-32.233,0,7
-32.223,0,7
-32.213,0,7
-32.203,0,7
-32.193,0,7
-32.183,0,7
-32.174,0,7
-32.163,0,7
-32.153,0,7
-32.143,0,7
-32.133,0,7
-32.122,0,7
-32.113,0,7
-32.102,0,7
-32.093,0,7
-32.082,0,7
-32.074,0,7
-32.063,0,7
-32.053,0,7
-32.043,0,7
-32.033,0,7
-32.023,0,7
-32.012,0,7
-32.002,0,7
-31.993,0,7
-31.984,0,7
-31.973,0,7
-31.963,0,7
-31.953,0,7
-31.943,0,7
-31.932,0,7
-31.922,0,7
-31.912,0,7
-31.902,0,7
-31.892,0,7
-31.883,0,7
-31.873,0,7
-31.862,0,7
-31.853,0,7
-31.843,0,7
-31.834,0,7
-31.822,0,7
-31.813,0,7
-31.803,0,7
-31.791,0,7
-31.782,0,7
-31.773,0,7
-31.762,0,7
-31.753,0,7
-31.743,0,7
-31.732,0,7
-31.724,0,7
-31.713,0,7
-31.703,0,7
-31.693,0,7
-31.683,0,7
-31.672,0,7
-31.662,0,7
-31.654,0,7
-31.642,0,7
-31.633,0,7
-31.623,0,7
-31.613,0,7
-31.602,0,7
-31.593,0,7
-31.582,0,7
-31.572,0,7
-31.561,0,7
-31.554,0,7
-31.543,0,7
-31.530,0,7
-31.518,0,7
-31.511,0,7
-31.503,0,7
-31.493,0,7
-31.482,0,7
-31.474,0,7
-31.462,0,7
-31.453,0,7
-31.443,0,7
-31.433,0,7
-31.423,0,7
-31.413,0,7
-31.403,0,7
-31.392,0,7
-31.382,0,7
-31.373,0,7
-31.362,0,7
-31.353,0,7
-31.342,0,7
-31.333,0,7
-31.323,0,7
-31.314,0,7
-31.304,0,7
-31.291,0,7
-31.283,0,7
-31.273,0,7
-31.263,0,7
-31.253,0,7
-31.243,0,7
-31.234,0,7
-31.224,0,7
-31.214,0,7
-31.203,0,7
-31.193,0,7
-31.183,0,7
-31.173,0,7
-31.162,0,7
-31.153,0,7
-31.144,0,7
-31.132,0,7
-31.122,0,7
-31.113,0,7
-31.103,0,7
-31.093,0,7
-31.083,0,7
-31.073,0,7
-31.062,0,7
-31.054,0,7
-31.044,0,7
-31.033,0,7
-31.023,0,7
-31.013,0,7
-31.003,0,7
-30.993,0,7
-30.983,0,7
-30.974,0,7
-30.963,0,7
-30.954,0,7
-30.942,0,7
-30.933,0,7
-30.923,0,7
-30.913,0,7
-30.902,0,7
-30.892,0,7
-30.882,0,7
-30.874,0,7
-30.862,0,7
-30.853,0,7
-30.843,0,7
-30.833,0,7
-30.822,0,7
-30.812,0,7
-30.803,0,7
-30.792,0,7
-30.782,0,7
-30.773,0,7
-30.763,0,7
-30.753,0,7
-30.743,0,7
-30.733,0,7
-30.723,0,7
-30.713,0,7
-30.702,0,7
-30.692,0,7
-30.682,0,7
-30.673,0,7
-30.662,0,7
-30.654,0,7
-30.643,0,7
-30.632,0,7
-30.624,0,7
-30.614,0,7
-30.603,0,7
-30.593,0,7
-30.583,0,7
-30.573,0,7
-30.563,0,7
-30.553,0,7
-30.540,0,7
-30.530,0,7
-30.517,0,7
-30.510,0,7
-30.502,0,7
-30.493,0,7
-30.483,0,7
-30.472,0,7
-30.462,0,7
-30.454,0,7
-30.443,0,7
-30.434,0,7
-30.422,0,7
-30.413,0,7
-30.403,0,7
-30.393,0,7
-30.383,0,7
-30.372,0,7
-30.362,0,7
-30.353,0,7
-30.343,0,7
-30.333,0,7
-30.323,0,7
-30.313,0,7
-30.303,0,7
-30.293,0,7
-30.283,0,7
-30.273,0,7
-30.260,0,7
-30.253,0,7
-30.243,0,7
-30.233,0,7
-30.223,0,7
-30.213,0,7
-30.203,0,7
-30.194,0,7
-30.184,0,7
-30.173,0,7
-30.163,0,7
-30.153,0,7
-30.143,0,7
-30.133,0,7
-30.123,0,7
-30.112,0,7
-30.103,0,7
-30.093,0,7
-30.082,0,7
-30.073,0,7
-30.062,0,7
-30.053,0,7
-30.042,0,7
-30.032,0,7
-30.023,0,7
-30.014,0,7
-30.004,0,7
-29.993,0,7
-29.983,0,7
-29.973,0,7
-29.962,0,7
-29.953,0,7
-29.942,0,7
-29.934,0,7
-29.924,0,7
-29.913,0,7
-29.899,0,7
-29.888,0,7
-29.881,0,7
-29.873,0,7
-29.862,0,7
-29.854,0,7
-29.844,0,7
-29.834,0,7
-29.823,0,7
-29.813,0,7
-29.803,0,7
-29.791,0,7
-29.783,0,7
-29.773,0,7
-29.762,0,7
-29.754,0,7
-29.743,0,7
-29.730,0,7
-29.717,0,7
-29.711,0,7
-29.703,0,7
-29.692,0,7
-29.683,0,7
-29.674,0,7
-29.661,0,7
-29.653,0,7
-29.643,0,7
-29.633,0,7
-29.623,0,7
-29.613,0,7
-29.602,0,7
-29.592,0,7
-29.582,0,7
-29.574,0,7
-29.563,0,7
-29.553,0,7
-29.543,0,7
-29.533,0,7
-29.520,0,7
-29.507,0,7
-29.500,0,7
-29.493,0,7
-29.483,0,7
-29.473,0,7
-29.462,0,7
-29.452,0,7
-29.442,0,7
-29.433,0,7
-29.423,0,7
-29.414,0,7
-29.404,0,7
-29.393,0,7
-29.383,0,7
-29.373,0,7
-29.362,0,7
-29.353,0,7
-29.343,0,7
-29.333,0,7
-29.324,0,7
-29.313,0,7
-29.301,0,7
-29.293,0,7
-29.283,0,7
-29.272,0,7
-29.263,0,7
-29.254,0,7
-29.243,0,7
-29.234,0,7
-29.223,0,7
-29.213,0,7
-29.203,0,7
-29.193,0,7
-29.182,0,7
-29.173,0,7
-29.162,0,7
-29.154,0,7
-29.144,0,7
-29.132,0,7
-29.123,0,7
-29.113,0,7
-29.103,0,7
-29.092,0,7
-29.082,0,7
-29.072,0,7
-29.061,0,7
-29.053,0,7
-29.043,0,7
-29.033,0,7
-29.023,0,7
-29.012,0,7
-29.003,0,7
-28.992,0,7
-28.984,0,7
-28.972,0,7
-28.963,0,7
-28.953,0,7
-28.943,0,7
-28.933,0,7
-28.923,0,7
-28.913,0,7
-28.902,0,7
-28.891,0,7
-28.883,0,7
-28.873,0,7
-28.862,0,7
-28.853,0,7
-28.843,0,7
-28.832,0,7
-28.824,0,7
-28.814,0,7
-28.802,0,7
-28.790,0,7
-28.776,0,7
-28.771,0,7
-28.763,0,7
-28.753,0,7
-28.742,0,7
-28.734,0,7
-28.722,0,7
-28.713,0,7
-28.702,0,7
-28.693,0,7
-28.683,0,7
-28.674,0,7
-28.663,0,7
-28.654,0,7
-28.642,0,7
-28.633,0,7
-28.623,0,7
-28.613,0,7
-28.603,0,7
-28.593,0,7
-28.583,0,7
-28.573,0,7
-28.564,0,7
-28.554,0,7
-28.544,0,7
-28.533,0,7
-28.523,0,7
-28.513,0,7
-28.500,0,7
-28.489,0,7
-28.479,0,7
-28.472,0,7
-28.462,0,7
-28.453,0,7
-28.443,0,7
-28.429,0,7
-28.419,0,7
-28.412,0,7
-28.402,0,7
-28.393,0,7
-28.383,0,7
-28.372,0,7
-28.361,0,7
-28.353,0,7
-28.343,0,7
-28.333,0,7
-28.323,0,7
-28.312,0,7
-28.302,0,7
-28.292,0,7
-28.284,0,7
-28.273,0,7
-28.263,0,7
-28.253,0,7
-28.243,0,7
-28.233,0,7
-28.223,0,7
-28.212,0,7
-28.203,0,7
-28.193,0,7
-28.183,0,7
-28.173,0,7
-28.163,0,7
-28.153,0,7
-28.143,0,7
-28.134,0,7
-28.123,0,7
-28.112,0,7
-28.103,0,7
-28.092,0,7
-28.082,0,7
-28.073,0,7
-28.062,0,7
-28.053,0,7
-28.042,0,7
-28.034,0,7
-28.022,0,7
-28.013,0,7
-28.003,0,7
-27.993,0,7
-27.983,0,7
-27.972,0,7
-27.962,0,7
-27.952,0,7
-27.942,0,7
-27.933,0,7
-27.923,0,7
-27.913,0,7
-27.903,0,7
-27.893,0,7
-27.882,0,7
-27.873,0,7
-27.862,0,7
-27.853,0,7
-27.840,0,7
-27.826,0,7
-27.814,0,7
-27.809,0,7
-27.803,0,7
-27.793,0,7
-27.782,0,7
-27.774,0,7
-27.761,0,7
-27.751,0,7
-27.743,0,7
-27.733,0,7
-27.723,0,7
-27.713,0,7
-27.703,0,7
-27.692,0,7
-27.684,0,7
-27.673,0,7
-27.663,0,7
-27.651,0,7
-27.643,0,7
-27.632,0,7
-27.623,0,7
-27.612,0,7
-27.604,0,7
-27.591,0,7
-27.579,0,7
-27.568,0,7
-27.561,0,7
-27.553,0,7
-27.543,0,7
-27.532,0,7
-27.524,0,7
-27.514,0,7
-27.503,0,7
-27.491,0,7
-27.483,0,7
-27.473,0,7
-27.460,0,7
-27.450,0,7
-27.438,0,7
-27.430,0,7
-27.422,0,7
-27.413,0,7
-27.403,0,7
-27.393,0,7
-27.383,0,7
-27.373,0,7
-27.362,0,7
-27.354,0,7
-27.342,0,7
-27.333,0,7
-27.323,0,7
-27.313,0,7
-27.303,0,7
-27.293,0,7
-27.283,0,7
-27.274,0,7
-27.262,0,7
-27.252,0,7
-27.243,0,7
-27.233,0,7
-27.223,0,7
-27.213,0,7
-27.202,0,7
-27.192,0,7
-27.183,0,7
-27.174,0,7
-27.161,0,7
-27.153,0,7
-27.143,0,7
-27.133,0,7
-27.123,0,7
-27.112,0,7
-27.102,0,7
-27.092,0,7
-27.084,0,7
-27.073,0,7
-27.061,0,7
-27.053,0,7
-27.043,0,7
-27.032,0,7
-27.023,0,7
-27.013,0,7
-27.003,0,7
-26.993,0,7
-26.982,0,7
-26.973,0,7
-26.963,0,7
-26.953,0,7
-26.943,0,7
-26.933,0,7
-26.923,0,7
-26.914,0,7
-26.903,0,7
-26.891,0,7
-26.883,0,7
-26.873,0,7
-26.862,0,7
-26.852,0,7
-26.842,0,7
-26.833,0,7
-26.824,0,7
-26.813,0,7
-26.803,0,7
-26.793,0,7
-26.783,0,7
-26.770,0,7
-26.758,0,7
-26.749,0,7
-26.742,0,7
-26.732,0,7
-26.723,0,7
-26.713,0,7
-26.703,0,7
-26.693,0,7
-26.683,0,7
-26.673,0,7
-26.656,0,7
-26.648,0,7
-26.642,0,7
-26.633,0,7
-26.623,0,7
-26.613,0,7
-26.603,0,7
-26.593,0,7
-26.583,0,7
-26.574,0,7
-26.563,0,7
-26.553,0,7
-26.543,0,7
-26.533,0,7
-26.522,0,7
-26.512,0,7
-26.503,0,7
-26.494,0,7
-26.483,0,7
-26.473,0,7
-26.463,0,7
-26.453,0,7
-26.443,0,7
-26.433,0,7
-26.422,0,7
-26.413,0,7
-26.403,0,7
-26.391,0,7
-26.383,0,7
-26.371,0,7
-26.363,0,7
-26.353,0,7
-26.343,0,7
-26.333,0,7
-26.323,0,7
-26.313,0,7
-26.304,0,7
-26.293,0,7
-26.283,0,7
-26.272,0,7
-26.263,0,7
-26.253,0,7
-26.243,0,7
-26.234,0,7
-26.223,0,7
-26.213,0,7
-26.203,0,7
-26.193,0,7
-26.183,0,7
-26.173,0,7
-26.162,0,7
-26.154,0,7
-26.144,0,7
-26.133,0,7
-26.123,0,7
-26.113,0,7
-26.103,0,7
-26.093,0,7
-26.083,0,7
-26.072,0,7
-26.062,0,7
-26.054,0,7
-26.040,0,7
-26.028,0,7
-26.016,0,7
-26.010,0,7
-26.002,0,7
-25.993,0,7
-25.983,0,7
-25.974,0,7
-25.962,0,7
-25.953,0,7
-25.943,0,7
-25.933,0,7
-25.923,0,7
-25.912,0,7
-25.903,0,7
-25.894,0,7
-25.882,0,7
-25.871,0,7
-25.856,0,7
-25.850,0,7
-25.843,0,7
-25.833,0,7
-25.822,0,7
-25.812,0,7
-25.802,0,7
-25.792,0,7
-25.782,0,7
-25.773,0,7
-25.761,0,7
-25.751,0,7
-25.742,0,7
-25.733,0,7
-25.723,0,7
-25.714,0,7
-25.704,0,7
-25.693,0,7
-25.682,0,7
-25.673,0,7
-25.663,0,7
-25.653,0,7
-25.643,0,7
-25.632,0,7
-25.623,0,7
-25.613,0,7
-25.600,0,7
-25.588,0,7
-25.581,0,7
-25.573,0,7
-25.562,0,7
-25.553,0,7
-25.542,0,7
-25.533,0,7
-25.522,0,7
-25.513,0,7
-25.503,0,7
-25.492,0,7
-25.483,0,7
-25.473,0,7
-25.463,0,7
-25.452,0,7
-25.443,0,7
-25.433,0,7
-25.423,0,7
-25.413,0,7
-25.403,0,7
-25.392,0,7
-25.383,0,7
-25.374,0,7
-25.361,0,7
-25.353,0,7
-25.343,0,7
-25.333,0,7
-25.323,0,7
-25.313,0,7
-25.302,0,7
-25.292,0,7
-25.284,0,7
-25.272,0,7
-25.263,0,7
-25.253,0,7
-25.243,0,7
-25.233,0,7
-25.223,0,7
-25.213,0,7
-25.202,0,7
-25.192,0,7
-25.183,0,7
-25.173,0,7
-25.162,0,7
-25.153,0,7
-25.143,0,7
-25.133,0,7
-25.123,0,7
-25.114,0,7
-25.104,0,7
-25.091,0,7
-25.083,0,7
-25.073,0,7
-25.063,0,7
-25.053,0,7
-25.043,0,7
-25.034,0,7
-25.024,0,7
-25.014,0,7
-25.003,0,7
-24.993,0,7
-24.982,0,7
-24.973,0,7
-24.962,0,7
-24.953,0,7
-24.942,0,7
-24.934,0,7
-24.923,0,7
-24.913,0,7
-24.903,0,7
-24.893,0,7
-24.882,0,7
-24.872,0,7
-24.862,0,7
-24.854,0,7
-24.844,0,7
-24.833,0,7
-24.823,0,7
-24.813,0,7
-24.803,0,7
-24.793,0,7
-24.782,0,7
-24.772,0,7
-24.761,0,7
-24.753,0,7
-24.743,0,7
-24.733,0,7
-24.723,0,7
-24.713,0,7
-24.703,0,7
-24.693,0,7
-24.683,0,7
-24.672,0,7
-24.662,0,7
-24.651,0,7
-24.643,0,7
-24.633,0,7
-24.623,0,7
-24.613,0,7
-24.602,0,7
-24.591,0,7
-24.583,0,7
-24.573,0,7
-24.561,0,7
-24.553,0,7
-24.543,0,7
-24.532,0,7
-24.523,0,7
-24.513,0,7
-24.504,0,7
-24.493,0,7
-24.482,0,7
-24.473,0,7
-24.463,0,7
-24.453,0,7
-24.443,0,7
-24.433,0,7
-24.423,0,7
-24.412,0,7
-24.402,0,7
-24.393,0,7
-24.383,0,7
-24.373,0,7
-24.362,0,7
-24.353,0,7
-24.342,0,7
-24.334,0,7
-24.322,0,7
-24.309,0,7
-24.299,0,7
-24.291,0,7
-24.283,0,7
-24.273,0,7
-24.262,0,7
-24.254,0,7
-24.244,0,7
-24.234,0,7
-24.223,0,7
-24.214,0,7
-24.203,0,7
-24.191,0,7
-24.184,0,7
-24.174,0,7
-24.162,0,7
-24.154,0,7
-24.143,0,7
-24.131,0,7
-24.123,0,7
-24.113,0,7
-24.103,0,7
-24.092,0,7
-24.082,0,7
-24.073,0,7
-24.061,0,7
-24.050,0,7
-24.036,0,7
-24.028,0,7
-24.022,0,7
-24.013,0,7
-24.003,0,7
-23.993,0,7
-23.984,0,7
-23.973,0,7
-23.963,0,7
-23.953,0,7
-23.943,0,7
-23.933,0,7
-23.923,0,7
-23.913,0,7
-23.903,0,7
-23.893,0,7
-23.884,0,7
-23.873,0,7
-23.863,0,7
-23.854,0,7
-23.843,0,7
-23.834,0,7
-23.823,0,7
-23.813,0,7
-23.804,0,7
-23.793,0,7
-23.783,0,7
-23.773,0,7
-23.762,0,7
-23.753,0,7
-23.744,0,7
-23.734,0,7
-23.723,0,7
-23.714,0,7
-23.703,0,7
-23.694,0,7
-23.683,0,7
-23.673,0,7
-23.660,0,7
-23.648,0,7
-23.642,0,7
-23.634,0,7
-23.624,0,7
-23.614,0,7
-23.604,0,7
-23.593,0,7
-23.584,0,7
-23.572,0,7
-23.562,0,7
-23.554,0,7
-23.543,0,7
-23.533,0,7
-23.523,0,7
-23.513,0,7
-23.504,0,7
-23.494,0,7
-23.483,0,7
-23.474,0,7
-23.464,0,7
-23.453,0,7
-23.442,0,7
-23.433,0,7
-23.424,0,7
-23.414,0,7
-23.403,0,7
-23.394,0,7
-23.384,0,7
-23.373,0,7
-23.363,0,7
-23.354,0,7
-23.343,0,7
-23.333,0,7
-23.323,0,7
-23.314,0,7
-23.303,0,7
-23.294,0,7
-23.283,0,7
-23.274,0,7
-23.263,0,7
-23.254,0,7
-23.243,0,7
-23.232,0,7
-23.223,0,7
-23.212,0,7
-23.204,0,7
-23.194,0,7
-23.183,0,7
-23.173,0,7
-23.163,0,7
-23.154,0,7
-23.142,0,7
-23.134,0,7
-23.123,0,7
-23.114,0,7
-23.104,0,7
-23.094,0,7
-23.083,0,7
-23.074,0,7
-23.063,0,7
-23.054,0,7
-23.044,0,7
-23.031,0,7
-23.018,0,7
-23.011,0,7
-23.003,0,7
-22.992,0,7
-22.983,0,7
-22.970,0,7
-22.957,0,7
-22.953,0,7
-22.942,0,7
-22.933,0,7
-22.923,0,7
-22.913,0,7
-22.903,0,7
-22.893,0,7
-22.883,0,7
-22.874,0,7
-22.864,0,7
-22.854,0,7
-22.843,0,7
-22.834,0,7
-22.825,0,7
-22.814,0,7
-22.803,0,7
-22.794,0,7
-22.784,0,7
-22.771,0,7
-22.760,0,7
-22.750,0,7
-22.742,0,7
-22.734,0,7
-22.723,0,7
-22.714,0,7
-22.704,0,7
-22.694,0,7
-22.683,0,7
-22.673,0,7
-22.663,0,7
-22.653,0,7
-22.645,0,7
-22.630,0,7
-22.618,0,7
-22.610,0,7
-22.602,0,7
-22.593,0,7
-22.584,0,7
-22.573,0,7
-22.563,0,7
-22.553,0,7
-22.544,0,7
-22.534,0,7
-22.523,0,7
-22.514,0,7
-22.500,0,7
-22.489,0,7
-22.477,0,7
-22.469,0,7
-22.463,0,7
-22.453,0,7
-22.442,0,7
-22.434,0,7
-22.424,0,7
-22.414,0,7
-22.404,0,7
-22.393,0,7
-22.383,0,7
-22.374,0,7
-22.362,0,7
-22.353,0,7
-22.343,0,7
-22.333,0,7
-22.323,0,7
-22.314,0,7
-22.305,0,7
-22.290,0,7
-22.279,0,7
-22.273,0,7
-22.264,0,7
-22.253,0,7
-22.244,0,7
-22.233,0,7
-22.223,0,7
-22.213,0,7
-22.203,0,7
-22.193,0,7
-22.183,0,7
-22.174,0,7
-22.163,0,7
-22.154,0,7
-22.144,0,7
-22.133,0,7
-22.123,0,7
-22.108,0,7
-22.098,0,7
-22.090,0,7
-22.083,0,7
-22.074,0,7
-22.063,0,7
-22.053,0,7
-22.045,0,7
-22.033,0,7
-22.024,0,7
-22.014,0,7
-22.003,0,7
-21.994,0,7
-21.984,0,7
-21.974,0,7
-21.963,0,7
-21.954,0,7
-21.943,0,7
-21.934,0,7
-21.923,0,7
-21.914,0,7
-21.902,0,7
-21.893,0,7
-21.883,0,7
-21.874,0,7
-21.862,0,7
-21.853,0,7
-21.843,0,7
-21.833,0,7
-21.823,0,7
-21.814,0,7
-21.803,0,7
-21.793,0,7
-21.783,0,7
-21.773,0,7
-21.762,0,7
-21.754,0,7
-21.744,0,7
-21.734,0,7
-21.724,0,7
-21.714,0,7
-21.703,0,7
-21.690,0,7
-21.679,0,7
-21.665,0,7
-21.659,0,7
-21.654,0,7
-21.644,0,7
-21.630,0,7
-21.622,0,7
-21.614,0,7
-21.603,0,7
-21.594,0,7
-21.583,0,7
-21.572,0,7
-21.562,0,7
-21.554,0,7
-21.544,0,7
-21.533,0,7
-21.523,0,7
-21.513,0,7
-21.504,0,7
-21.494,0,7
-21.483,0,7
-21.473,0,7
-21.463,0,7
-21.453,0,7
-21.443,0,7
-21.434,0,7
-21.424,0,7
-21.414,0,7
-21.404,0,7
-21.393,0,7
-21.384,0,7
-21.373,0,7
-21.363,0,7
-21.353,0,7
-21.343,0,7
-21.334,0,7
-21.324,0,7
-21.314,0,7
-21.304,0,7
-21.294,0,7
-21.283,0,7
-21.275,0,7
-21.263,0,7
-21.254,0,7
-21.243,0,7
-21.232,0,7
-21.223,0,7
-21.214,0,7
-21.203,0,7
-21.194,0,7
-21.183,0,7
-21.174,0,7
-21.163,0,7
-21.154,0,7
-21.142,0,7
-21.133,0,7
-21.123,0,7
-21.113,0,7
-21.105,0,7
-21.093,0,7
-21.084,0,7
-21.074,0,7
-21.064,0,7
-21.053,0,7
-21.044,0,7
-21.033,0,7
-21.024,0,7
-21.013,0,7
-21.003,0,7
-20.994,0,7
-20.982,0,7
-20.974,0,7
-20.964,0,7
-20.954,0,7
-20.943,0,7
-20.934,0,7
-20.923,0,7
-20.913,0,7
-20.902,0,7
-20.894,0,7
-20.884,0,7
-20.874,0,7
-20.863,0,7
-20.854,0,7
-20.843,0,7
-20.834,0,7
-20.823,0,7
-20.812,0,7
-20.803,0,7
-20.792,0,7
-20.784,0,7
-20.774,0,7
-20.763,0,7
-20.753,0,7
-20.743,0,7
-20.734,0,7
-20.724,0,7
-20.714,0,7
-20.704,0,7
-20.693,0,7
-20.683,0,7
-20.673,0,7
-20.663,0,7
-20.652,0,7
-20.644,0,7
-20.634,0,7
-20.622,0,7
-20.614,0,7
-20.604,0,7
-20.593,0,7
-20.583,0,7
-20.572,0,7
-20.562,0,7
-20.554,0,7
-20.544,0,7
-20.534,0,7
-20.523,0,7
-20.514,0,7
-20.504,0,7
-20.493,0,7
-20.483,0,7
-20.473,0,7
-20.462,0,7
-20.452,0,7
-20.443,0,7
-20.433,0,7
-20.424,0,7
-20.413,0,7
-20.403,0,7
-20.392,0,7
-20.383,0,7
-20.373,0,7
-20.363,0,7
-20.353,0,7
-20.343,0,7
-20.333,0,7
-20.325,0,7
-20.314,0,7
-20.302,0,7
-20.294,0,7
-20.284,0,7
-20.274,0,7
-20.263,0,7
-20.253,0,7
-20.243,0,7
-20.233,0,7
-20.222,0,7
-20.214,0,7
-20.204,0,7
-20.194,0,7
-20.184,0,7
-20.174,0,7
-20.163,0,7
-20.153,0,7
-20.143,0,7
-20.133,0,7
-20.124,0,7
-20.114,0,7
-20.102,0,7
-20.094,0,7
-20.083,0,7
-20.074,0,7
-20.063,0,7
-20.054,0,7
-20.042,0,7
-20.034,0,7
-20.024,0,7
-20.014,0,7
-20.004,0,7
-19.993,0,7
-19.983,0,7
-19.973,0,7
-19.963,0,7
-19.954,0,7
-19.944,0,7
-19.933,0,7
-19.922,0,7
-19.913,0,7
-19.903,0,7
-19.893,0,7
-19.883,0,7
-19.874,0,7
-19.862,0,7
-19.854,0,7
-19.844,0,7
-19.833,0,7
-19.823,0,7
-19.813,0,7
-19.803,0,7
-19.789,0,7
-19.777,0,7
-19.773,0,7
-19.764,0,7
-19.750,0,7
-19.740,0,7
-19.729,0,7
-19.723,0,7
-19.713,0,7
-19.702,0,7
-19.692,0,7
-19.684,0,7
-19.673,0,7
-19.663,0,7
-19.654,0,7
-19.643,0,7
-19.634,0,7
-19.623,0,7
-19.614,0,7
-19.602,0,7
-19.592,0,7
-19.583,0,7
-19.573,0,7
-19.563,0,7
-19.553,0,7
-19.543,0,7
-19.533,0,7
-19.524,0,7
-19.514,0,7
-19.504,0,7
-19.494,0,7
-19.484,0,7
-19.473,0,7
-19.463,0,7
-19.454,0,7
-19.443,0,7
-19.434,0,7
-19.424,0,7
-19.413,0,7
-19.404,0,7
-19.391,0,7
-19.385,0,7
-19.373,0,7
-19.362,0,7
-19.354,0,7
-19.342,0,7
-19.334,0,7
-19.322,0,7
-19.314,0,7
-19.303,0,7
-19.293,0,7
-19.283,0,7
-19.272,0,7
-19.263,0,7
-19.252,0,7
-19.244,0,7
-19.233,0,7
-19.224,0,7
-19.213,0,7
-19.204,0,7
-19.193,0,7
-19.183,0,7
-19.174,0,7
-19.162,0,7
-19.154,0,7
-19.143,0,7
-19.134,0,7
-19.124,0,7
-19.113,0,7
-19.104,0,7
-19.089,0,7
-19.079,0,7
-19.073,0,7
-19.063,0,7
-19.054,0,7
-19.043,0,7
-19.033,0,7
-19.024,0,7
-19.013,0,7
-19.004,0,7
-18.994,0,7
-18.984,0,7
-18.970,0,7
-18.956,0,7
-18.948,0,7
-18.942,0,7
-18.933,0,7
-18.922,0,7
-18.913,0,7
-18.904,0,7
-18.894,0,7
-18.883,0,7
-18.874,0,7
-18.863,0,7
-18.853,0,7
-18.840,0,7
-18.828,0,7
-18.823,0,7
-18.813,0,7
-18.803,0,7
-18.793,0,7
-18.783,0,7
-18.774,0,7
-18.764,0,7
-18.752,0,7
-18.742,0,7
-18.733,0,7
-18.723,0,7
-18.713,0,7
-18.703,0,7
-18.693,0,7
-18.683,0,7
-18.669,0,7
-18.658,0,7
-18.653,0,7
-18.644,0,7
-18.633,0,7
-18.624,0,7
-18.613,0,7
-18.603,0,7
-18.593,0,7
-18.583,0,7
-18.573,0,7
-18.563,0,7
-18.554,0,7
-18.544,0,7
-18.533,0,7
-18.523,0,7
-18.513,0,7
-18.503,0,7
-18.493,0,7
-18.483,0,7
-18.473,0,7
-18.464,0,7
-18.453,0,7
-18.444,0,7
-18.434,0,7
-18.423,0,7
-18.414,0,7
-18.404,0,7
-18.393,0,7
-18.384,0,7
-18.373,0,7
-18.363,0,7
-18.353,0,7
-18.344,0,7
-18.333,0,7
-18.320,0,7
-18.309,0,7
-18.304,0,7
-18.293,0,7
-18.283,0,7
-18.273,0,7
-18.263,0,7
-18.253,0,7
-18.243,0,7
-18.230,0,7
-18.218,0,7
-18.213,0,7
-18.204,0,7
-18.194,0,7
-18.183,0,7
-18.174,0,7
-18.163,0,7
-18.152,0,7
-18.144,0,7
-18.134,0,7
-18.124,0,7
-18.114,0,7
-18.104,0,7
-18.093,0,7
-18.083,0,7
-18.072,0,7
-18.062,0,7
-18.053,0,7
-18.042,0,7
-18.033,0,7
-18.024,0,7
-18.014,0,7
-18.003,0,7
-17.993,0,7
-17.983,0,7
-17.974,0,7
-17.962,0,7
-17.952,0,7
-17.943,0,7
-17.933,0,7
-17.924,0,7
-17.913,0,7
-17.903,0,7
-17.893,0,7
-17.883,0,7
-17.872,0,7
-17.862,0,7
-17.854,0,7
-17.844,0,7
-17.833,0,7
-17.823,0,7
-17.813,0,7
-17.804,0,7
-17.794,0,7
-17.784,0,7
-17.773,0,7
-17.763,0,7
-17.753,0,7
-17.743,0,7
-17.734,0,7
-17.723,0,7
-17.708,0,7
-17.698,0,7
-17.690,0,7
-17.684,0,7
-17.673,0,7
-17.663,0,7
-17.653,0,7
-17.644,0,7
-17.628,0,7
-17.618,0,7
-17.610,0,7
-17.602,0,7
-17.594,0,7
-17.584,0,7
-17.573,0,7
-17.563,0,7
-17.552,0,7
-17.543,0,7
-17.533,0,7
-17.524,0,7
-17.512,0,7
-17.503,0,7
-17.493,0,7
-17.484,0,7
-17.473,0,7
-17.463,0,7
-17.454,0,7
-17.444,0,7
-17.433,0,7
-17.424,0,7
-17.413,0,7
-17.403,0,7
-17.393,0,7
-17.383,0,7
-17.374,0,7
-17.363,0,7
-17.354,0,7
-17.342,0,7
-17.333,0,7
-17.324,0,7
-17.313,0,7
-17.303,0,7
-17.293,0,7
-17.283,0,7
-17.272,0,7
-17.263,0,7
-17.254,0,7
-17.243,0,7
-17.233,0,7
-17.223,0,7
-17.213,0,7
-17.204,0,7
-17.193,0,7
-17.184,0,7
-17.173,0,7
-17.163,0,7
-17.153,0,7
-17.144,0,7
-17.133,0,7
-17.123,0,7
-17.113,0,7
-17.104,0,7
-17.094,0,7
-17.084,0,7
-17.073,0,7
-17.063,0,7
-17.053,0,7
-17.044,0,7
-17.034,0,7
-17.024,0,7
-17.014,0,7
-17.003,0,7
-16.994,0,7
-16.984,0,7
-16.973,0,7
-16.963,0,7
-16.953,0,7
-16.942,0,7
-16.934,0,7
-16.924,0,7
-16.913,0,7
-16.903,0,7
-16.893,0,7
-16.885,0,7
-16.874,0,7
-16.864,0,7
-16.854,0,7
-16.844,0,7
-16.833,0,7
-16.823,0,7
-16.814,0,7
-16.804,0,7
-16.793,0,7
-16.783,0,7
-16.774,0,7
-16.763,0,7
-16.754,0,7
-16.744,0,7
-16.733,0,7
-16.724,0,7
-16.713,0,7
-16.703,0,7
-16.693,0,7
-16.683,0,7
-16.674,0,7
-16.662,0,7
-16.653,0,7
-16.643,0,7
-16.634,0,7
-16.623,0,7
-16.613,0,7
-16.604,0,7
-16.592,0,7
-16.584,0,7
-16.573,0,7
-16.564,0,7
-16.553,0,7
-16.543,0,7
-16.533,0,7
-16.520,0,7
-16.509,0,7
-16.498,0,7
-16.492,0,7
-16.484,0,7
-16.473,0,7
-16.463,0,7
-16.453,0,7
-16.444,0,7
-16.428,0,7
-16.418,0,7
-16.413,0,7
-16.404,0,7
-16.393,0,7
-16.384,0,7
-16.373,0,7
-16.363,0,7
-16.354,0,7
-16.344,0,7
-16.334,0,7
-16.324,0,7
-16.312,0,7
-16.297,0,7
-16.291,0,7
-16.282,0,7
-16.273,0,7
-16.264,0,7
-16.252,0,7
-16.243,0,7
-16.234,0,7
-16.224,0,7
-16.214,0,7
-16.204,0,7
-16.193,0,7
-16.183,0,7
-16.173,0,7
-16.164,0,7
-16.154,0,7
-16.144,0,7
-16.134,0,7
-16.123,0,7
-16.114,0,7
-16.103,0,7
-16.094,0,7
-16.082,0,7
-16.074,0,7
-16.063,0,7
-16.054,0,7
-16.043,0,7
-16.034,0,7
-16.023,0,7
-16.014,0,7
-16.003,0,7
-15.994,0,7
-15.984,0,7
-15.973,0,7
-15.963,0,7
-15.954,0,7
-15.944,0,7
-15.933,0,7
-15.923,0,7
-15.913,0,7
-15.904,0,7
-15.894,0,7
-15.884,0,7
-15.873,0,7
-15.863,0,7
-15.853,0,7
-15.843,0,7
-15.834,0,7
-15.823,0,7
-15.814,0,7
-15.804,0,7
-15.793,0,7
-15.784,0,7
-15.773,0,7
-15.763,0,7
-15.753,0,7
-15.744,0,7
-15.734,0,7
-15.724,0,7
-15.713,0,7
-15.704,0,7
-15.693,0,7
-15.684,0,7
-15.673,0,7
-15.663,0,7
-15.654,0,7
-15.644,0,7
-15.634,0,7
-15.623,0,7
-15.614,0,7
-15.603,0,7
-15.593,0,7
-15.583,0,7
-15.573,0,7
-15.563,0,7
-15.554,0,7
-15.543,0,7
-15.533,0,7
-15.523,0,7
-15.513,0,7
-15.503,0,7
-15.494,0,7
-15.484,0,7
-15.474,0,7
-15.462,0,7
-15.454,0,7
-15.444,0,7
-15.434,0,7
-15.424,0,7
-15.413,0,7
-15.403,0,7
-15.394,0,7
-15.383,0,7
-15.374,0,7
-15.363,0,7
-15.354,0,7
-15.343,0,7
-15.333,0,7
-15.324,0,7
-15.312,0,7
-15.304,0,7
-15.293,0,7
-15.284,0,7
-15.274,0,7
-15.263,0,7
-15.254,0,7
-15.243,0,7
-15.234,0,7
-15.223,0,7
-15.214,0,7
-15.202,0,7
-15.193,0,7
-15.183,0,7
-15.174,0,7
-15.163,0,7
-15.153,0,7
-15.144,0,7
-15.134,0,7
-15.123,0,7
-15.114,0,7
-15.103,0,7
-15.094,0,7
-15.083,0,7
-15.073,0,7
-15.064,0,7
-15.054,0,7
-15.044,0,7
-15.034,0,7
-15.024,0,7
-15.013,0,7
-15.003,0,7
-14.993,0,7
-14.983,0,7
-14.972,0,7
-14.962,0,7
-14.954,0,7
-14.943,0,7
-14.934,0,7
-14.923,0,7
-14.914,0,7
-14.905,0,7
-14.893,0,7
-14.883,0,7
-14.874,0,7
-14.863,0,7
-14.854,0,7
-14.844,0,7
-14.834,0,7
-14.823,0,7
-14.814,0,7
-14.803,0,7
-14.793,0,7
-14.783,0,7
-14.774,0,7
-14.763,0,7
-14.753,0,7
-14.743,0,7
-14.733,0,7
-14.723,0,7
-14.714,0,7
-14.704,0,7
-14.694,0,7
-14.684,0,7
-14.674,0,7
-14.663,0,7
-14.653,0,7
-14.643,0,7
-14.633,0,7
-14.623,0,7
-14.613,0,7
-14.600,0,7
-14.588,0,7
-14.580,0,7
-14.574,0,7
-14.563,0,7
-14.553,0,7
-14.543,0,7
-14.533,0,7
-14.522,0,7
-14.514,0,7
-14.503,0,7
-14.494,0,7
-14.484,0,7
-14.474,0,7
-14.463,0,7
-14.454,0,7
-14.443,0,7
-14.434,0,7
-14.424,0,7
-14.410,0,7
-14.397,0,7
-14.387,0,7
-14.382,0,7
-14.373,0,7
-14.363,0,7
-14.354,0,7
-14.344,0,7
-14.329,0,7
-14.320,0,7
-14.310,0,7
-14.303,0,7
-14.293,0,7
-14.280,0,7
-14.273,0,7
-14.263,0,7
-14.254,0,7
-14.244,0,7
-14.233,0,7
-14.223,0,7
-14.214,0,7
-14.203,0,7
-14.193,0,7
-14.182,0,7
-14.174,0,7
-14.162,0,7
-14.154,0,7
-14.144,0,7
-14.134,0,7
-14.123,0,7
-14.114,0,7
-14.104,0,7
-14.094,0,7
-14.084,0,7
-14.074,0,7
-14.063,0,7
-14.054,0,7
-14.043,0,7
-14.033,0,7
-14.024,0,7
-14.009,0,7
-13.997,0,7
-13.992,0,7
-13.984,0,7
-13.970,0,7
-13.960,0,7
-13.952,0,7
-13.942,0,7
-13.934,0,7
-13.923,0,7
-13.914,0,7
-13.904,0,7
-13.894,0,7
-13.884,0,7
-13.873,0,7
-13.862,0,7
-13.853,0,7
-13.844,0,7
-13.830,0,7
-13.818,0,7
-13.810,0,7
-13.804,0,7
-13.794,0,7
-13.783,0,7
-13.774,0,7
-13.763,0,7
-13.754,0,7
-13.743,0,7
-13.733,0,7
-13.724,0,7
-13.714,0,7
-13.703,0,7
-13.693,0,7
-13.683,0,7
-13.674,0,7
-13.662,0,7
-13.654,0,7
-13.643,0,7
-13.633,0,7
-13.623,0,7
-13.613,0,7
-13.603,0,7
-13.593,0,7
-13.583,0,7
-13.572,0,7
-13.564,0,7
-13.553,0,7
-13.543,0,7
-13.533,0,7
-13.523,0,7
-13.508,0,7
-13.495,0,7
-13.488,0,7
-13.484,0,7
-13.474,0,7
-13.463,0,7
-13.454,0,7
-13.444,0,7
-13.433,0,7
-13.420,0,7
-13.411,0,7
-13.402,0,7
-13.394,0,7
-13.383,0,7
-13.374,0,7
-13.363,0,7
-13.354,0,7
-13.343,0,7
-13.334,0,7
-13.324,0,7
-13.312,0,7
-13.304,0,7
-13.293,0,7
-13.284,0,7
-13.274,0,7
-13.263,0,7
-13.254,0,7
-13.243,0,7
-13.234,0,7
-13.224,0,7
-13.214,0,7
-13.203,0,7
-13.193,0,7
-13.183,0,7
-13.173,0,7
-13.163,0,7
-13.154,0,7
-13.142,0,7
-13.134,0,7
-13.124,0,7
-13.113,0,7
-13.104,0,7
-13.093,0,7
-13.083,0,7
-13.072,0,7
-13.064,0,7
-13.054,0,7
-13.044,0,7
-13.034,0,7
-13.023,0,7
-13.014,0,7
-13.003,0,7
-12.992,0,7
-12.982,0,7
-12.973,0,7
-12.963,0,7
-12.954,0,7
-12.943,0,7
-12.933,0,7
-12.923,0,7
-12.913,0,7
-12.904,0,7
-12.893,0,7
-12.882,0,7
-12.873,0,7
-12.863,0,7
-12.853,0,7
-12.843,0,7
-12.833,0,7
-12.823,0,7
-12.813,0,7
-12.803,0,7
-12.794,0,7
-12.784,0,7
-12.774,0,7
-12.763,0,7
-12.753,0,7
-12.742,0,7
-12.734,0,7
-12.723,0,7
-12.714,0,7
-12.703,0,7
-12.694,0,7
-12.684,0,7
-12.674,0,7
-12.663,0,7
-12.653,0,7
-12.643,0,7
-12.633,0,7
-12.624,0,7
-12.614,0,7
-12.604,0,7
-12.593,0,7
-12.584,0,7
-12.574,0,7
-12.564,0,7
-12.554,0,7
-12.544,0,7
-12.533,0,7
-12.523,0,7
-12.514,0,7
-12.503,0,7
-12.493,0,7
-12.483,0,7
-12.473,0,7
-12.463,0,7
-12.452,0,7
-12.444,0,7
-12.434,0,7
-12.423,0,7
-12.413,0,7
-12.403,0,7
-12.394,0,7
-12.384,0,7
-12.373,0,7
-12.364,0,7
-12.354,0,7
-12.344,0,7
-12.333,0,7
-12.323,0,7
-12.313,0,7
-12.303,0,7
-12.294,0,7
-12.284,0,7
-12.273,0,7
-12.264,0,7
-12.254,0,7
-12.244,0,7
-12.233,0,7
-12.223,0,7
-12.214,0,7
-12.203,0,7
-12.193,0,7
-12.184,0,7
-12.174,0,7
-12.163,0,7
-12.154,0,7
-12.143,0,7
-12.133,0,7
-12.118,0,7
-12.107,0,7
-12.100,0,7
-12.093,0,7
-12.083,0,7
-12.074,0,7
-12.063,0,7
-12.053,0,7
-12.040,0,7
-12.029,0,7
-12.022,0,7
-12.014,0,7
-12.003,0,7
-11.993,0,7
-11.983,0,7
-11.973,0,7
-11.963,0,7
-11.954,0,7
-11.944,0,7
-11.933,0,7
-11.924,0,7
-11.913,0,7
-11.904,0,7
-11.893,0,7
-11.883,0,7
-11.873,0,7
-11.862,0,7
-11.854,0,7
-11.844,0,7
-11.833,0,7
-11.824,0,7
-11.814,0,7
-11.803,0,7
-11.793,0,7
-11.782,0,7
-11.772,0,7
-11.764,0,7
-11.753,0,7
-11.744,0,7
-11.733,0,7
-11.723,0,7
-11.713,0,7
-11.702,0,7
-11.694,0,7
-11.683,0,7
-11.674,0,7
-11.659,0,7
-11.648,0,7
-11.637,0,7
-11.634,0,7
-11.623,0,7
-11.612,0,7
-11.603,0,7
-11.594,0,7
-11.584,0,7
-11.573,0,7
-11.563,0,7
-11.553,0,7
-11.543,0,7
-11.533,0,7
-11.524,0,7
-11.513,0,7
-11.504,0,7
-11.494,0,7
-11.484,0,7
-11.474,0,7
-11.463,0,7
-11.453,0,7
-11.442,0,7
-11.433,0,7
-11.424,0,7
-11.414,0,7
-11.403,0,7
-11.394,0,7
-11.384,0,7
-11.373,0,7
-11.363,0,7
-11.352,0,7
-11.343,0,7
-11.334,0,7
-11.324,0,7
-11.313,0,7
-11.304,0,7
-11.293,0,7
-11.283,0,7
-11.274,0,7
-11.262,0,7
-11.254,0,7
-11.243,0,7
-11.234,0,7
-11.224,0,7
-11.213,0,7
-11.203,0,7
-11.193,0,7
-11.184,0,7
-11.174,0,7
-11.164,0,7
-11.153,0,7
-11.144,0,7
-11.134,0,7
-11.123,0,7
-11.113,0,7
-11.103,0,7
-11.092,0,7
-11.084,0,7
-11.074,0,7
-11.063,0,7
-11.054,0,7
-11.043,0,7
-11.033,0,7
-11.023,0,7
-11.012,0,7
-11.003,0,7
-10.992,0,7
-10.983,0,7
-10.974,0,7
-10.963,0,7
-10.954,0,7
-10.943,0,7
-10.934,0,7
-10.924,0,7
-10.914,0,7
-10.904,0,7
-10.893,0,7
-10.883,0,7
-10.873,0,7
-10.863,0,7
-10.853,0,7
-10.838,0,7
-10.828,0,7
-10.822,0,7
-10.813,0,7
-10.804,0,7
-10.794,0,7
-10.783,0,7
-10.773,0,7
-10.763,0,7
-10.750,0,7
-10.740,0,7
-10.728,0,7
-10.722,0,7
-10.713,0,7
-10.702,0,7
-10.694,0,7
-10.683,0,7
-10.672,0,7
-10.663,0,7
-10.652,0,7
-10.642,0,7
-10.634,0,7
-10.623,0,7
-10.614,0,7
-10.603,0,7
-10.593,0,7
-10.583,0,7
-10.572,0,7
-10.562,0,7
-10.553,0,7
-10.542,0,7
-10.533,0,7
-10.523,0,7
-10.513,0,7
-10.503,0,7
-10.493,0,7
-10.484,0,7
-10.472,0,7
-10.462,0,7
-10.454,0,7
-10.443,0,7
-10.433,0,7
-10.423,0,7
-10.414,0,7
-10.404,0,7
-10.393,0,7
-10.384,0,7
-10.374,0,7
-10.364,0,7
-10.353,0,7
-10.343,0,7
-10.333,0,7
-10.322,0,7
-10.313,0,7
-10.304,0,7
-10.293,0,7
-10.284,0,7
-10.274,0,7
-10.263,0,7
-10.253,0,7
-10.244,0,7
-10.232,0,7
-10.223,0,7
-10.213,0,7
-10.204,0,7
-10.194,0,7
-10.184,0,7
-10.173,0,7
-10.163,0,7
-10.153,0,7
-10.143,0,7
-10.132,0,7
-10.124,0,7
-10.113,0,7
-10.103,0,7
-10.093,0,7
-10.083,0,7
-10.073,0,7
-10.063,0,7
-10.054,0,7
-10.043,0,7
-10.034,0,7
-10.024,0,7
-10.013,0,7
-10.003,0,7
-9.683,0,0
-9.673,0,0
-9.663,0,0
-9.653,0,0
-9.642,0,-2
-9.633,0,-5
-9.622,0,-8
-9.614,0,-11
-9.603,0,-15
-9.593,0,-18
-9.583,0,-22
-9.573,0,-25
-9.563,0,-29
-9.553,0,-34
-9.543,0,-37
-9.534,0,-41
-9.524,0,-45
-9.512,0,-49
-9.504,0,-53
-9.493,0,-57
-9.483,0,-61
-9.473,0,-65
-9.463,0,-69
-9.452,0,-73
-9.443,0,-77
-9.434,0,-81
-9.424,0,-84
-9.413,0,-88
-9.403,0,-93
-9.391,0,-97
-9.383,0,-101
-9.373,0,-105
-9.362,0,-109
-9.354,0,-112
-9.344,0,-116
-9.329,0,-120
-9.315,0,-124
-9.309,0,-128
-9.303,0,-132
-9.292,0,-136
-9.283,0,-140
-9.274,0,-144
-9.263,0,-148
-9.254,0,-152
-9.243,0,-155
-9.233,0,-159
-9.223,0,-163
-9.213,0,-167
-9.203,0,-171
-9.192,0,-175
-9.184,0,-179
-9.174,0,-183
-9.163,0,-187
-9.153,0,-191
-9.143,0,-195
-9.133,0,-198
-9.119,0,-202
-9.109,0,-207
-9.103,0,-210
-9.092,0,-215
-9.083,0,-218
-9.073,0,-223
-9.058,0,-226
-9.048,0,-230
-9.042,0,-234
-9.032,0,-238
-9.023,0,-241
-9.014,0,-245
-9.004,0,-249
-8.993,0,-253
-8.983,0,-257
-8.973,0,-261
-8.962,0,-265
-8.953,0,-269
-8.943,0,-272
-8.934,0,-276
-8.924,0,-280
-8.913,0,-284
-8.899,0,-288
-8.888,0,-291
-8.881,0,-296
-8.873,0,-299
-8.862,0,-303
-8.853,0,-307
-8.843,0,-311
-8.833,0,-315
-8.820,0,-319
-8.810,0,-323
-8.803,0,-326
-8.793,0,-331
-8.783,0,-334
-8.774,0,-338
-8.762,0,-342
-8.754,0,-345
-8.744,0,-349
-8.730,0,-353
-8.717,0,-356
-8.711,0,-361
-8.703,0,-364
-8.692,0,-368
-8.683,0,-372
-8.672,0,-375
-8.662,0,-379
-8.654,0,-383
-8.643,0,-387
-8.633,0,-391
-8.623,0,-394
-8.613,0,-398
-8.603,0,-402
-8.593,0,-405
-8.584,0,-408
-8.574,0,-411
-8.563,0,-414
-8.553,0,-417
-8.542,0,-420
-8.533,0,-422
-8.523,0,-424
-8.513,0,-427
-8.503,0,-428
-8.494,0,-430
-8.483,0,-432
-8.473,0,-434
-8.462,0,-435
-8.453,0,-437
-8.442,0,-438
-8.433,0,-440
-8.422,0,-440
-8.414,0,-440
-8.404,0,-440
-8.393,0,-440
-8.383,0,-437
-8.373,0,-435
-8.363,0,-432
-8.353,0,-429
-8.344,0,-426
-8.332,0,-422
-8.322,0,-418
-8.313,0,-414
-8.303,0,-410
-8.293,0,-406
-8.283,0,-403
-8.273,0,-399
-8.263,0,-395
-8.253,0,-391
-8.243,0,-388
-8.234,0,-384
-8.224,0,-381
-8.213,0,-378
-8.203,0,-375
-8.193,0,-372
-8.183,0,-369
-8.173,0,-366
-8.163,0,-363
-8.152,0,-361
-8.143,0,-358
-8.134,0,-355
-8.123,0,-351
-8.113,0,-349
-8.102,0,-345
-8.093,0,-342
-8.083,0,-338
-8.073,0,-334
-8.062,0,-330
-8.054,0,-326
-8.044,0,-321
-8.033,0,-317
-8.023,0,-313
-8.013,0,-308
-8.003,0,-304
-7.993,0,-300
-7.982,0,-296
-7.973,0,-292
-7.962,0,-288
-7.953,0,-283
-7.943,0,-279
-7.933,0,-275
-7.924,0,-272
-7.913,0,-268
-7.903,0,-265
-7.894,0,-261
-7.884,0,-258
-7.873,0,-254
-7.861,0,-251
-7.853,0,-248
-7.843,0,-244
-7.834,0,-240
-7.822,0,-236
-7.814,0,-233
-7.802,0,-229
-7.793,0,-225
-7.783,0,-221
-7.771,0,-217
-7.762,0,-213
-7.753,0,-208
-7.744,0,-203
-7.734,0,-198
-7.723,0,-194
-7.714,0,-190
-7.704,0,-186
-7.693,0,-182
-7.683,0,-178
-7.673,0,-175
-7.663,0,-171
-7.652,0,-167
-7.644,0,-164
-7.633,0,-160
-7.624,0,-156
-7.613,0,-151
-7.603,0,-147
-7.592,0,-144
-7.583,0,-139
-7.572,0,-136
-7.563,0,-132
-7.552,0,-128
-7.544,0,-124
-7.534,0,-120
-7.523,0,-115
-7.513,0,-112
-7.503,0,-107
-7.493,0,-104
-7.482,0,-100
-7.472,0,-95
-7.461,0,-91
-7.452,0,-88
-7.444,0,-83
-7.433,0,-79
-7.423,0,-75
-7.413,0,-71
-7.404,0,-67
-7.392,0,-63
-7.383,0,-59
-7.374,0,-55
-7.362,0,-51
-7.353,0,-47
-7.343,0,-43
-7.333,0,-39
-7.323,0,-35
-7.314,0,-32
-7.304,0,-27
-7.292,0,-23
-7.284,0,-20
-7.274,0,-16
-7.262,0,-12
-7.253,0,-8
-7.242,0,-4
-7.232,0,0
-7.222,0,4
-7.214,0,8
-7.202,0,12
-7.193,0,16
-7.184,0,20
-7.173,0,24
-7.163,0,27
-7.153,0,31
-7.144,0,35
-7.133,0,39
-7.122,0,42
-7.112,0,46
-7.104,0,50
-7.092,0,54
-7.081,0,57
-7.073,0,61
-7.062,0,65
-7.053,0,69
-7.042,0,72
-7.032,0,76
-7.024,0,80
-7.013,0,84
-7.003,0,87
-6.993,0,91
-6.983,0,95
-6.973,0,99
-6.963,0,103
-6.952,0,106
-6.944,0,110
-6.934,0,114
-6.923,0,117
-6.913,0,122
-6.903,0,125
-6.892,0,129
-6.883,0,132
-6.873,0,136
-6.862,0,139
-6.853,0,144
-6.844,0,147
-6.833,0,151
-6.823,0,154
-6.813,0,158
-6.803,0,161
-6.793,0,164
-6.782,0,168
-6.774,0,171
-6.762,0,174
-6.754,0,177
-6.743,0,179
-6.733,0,182
-6.723,0,183
-6.712,0,186
-6.702,0,188
-6.692,0,190
-6.683,0,191
-6.674,0,193
-6.663,0,195
-6.653,0,196
-6.643,0,197
-6.633,0,197
-6.624,0,197
-6.614,0,197
-6.604,0,197
-6.593,0,197
-6.583,0,197
-6.573,0,195
-6.561,0,191
-6.553,0,187
-6.544,0,183
-6.533,0,178
-6.523,0,174
-6.514,0,170
-6.503,0,165
-6.493,0,161
-6.483,0,157
-6.473,0,152
-6.462,0,148
-6.453,0,144
-6.442,0,140
-6.433,0,136
-6.424,0,131
-6.413,0,127
-6.403,0,122
-6.393,0,118
-6.382,0,114
-6.373,0,109
-6.362,0,104
-6.352,0,100
-6.343,0,95
-6.333,0,91
-6.322,0,87
-6.313,0,82
-6.303,0,78
-6.293,0,73
-6.283,0,69
-6.273,0,65
-6.262,0,60
-6.254,0,56
-6.243,0,52
-6.233,0,48
-6.223,0,44
-6.213,0,40
-6.203,0,36
-6.193,0,32
-6.182,0,29
-6.174,0,25
-6.162,0,22
-6.154,0,19
-6.142,0,16
-6.133,0,13
-6.123,0,11
-6.114,0,9
-6.103,0,6
-6.103,1,21
-6.102,1,21
-6.102,1,21
-6.102,1,21
-6.102,1,21
-6.102,1,21
-6.102,1,21
-6.101,1,21
-6.099,1,21
-6.094,1,20
-6.084,1,19
-6.073,1,19
-6.064,1,19
-6.054,1,19
-6.044,1,19
-6.033,1,19
-6.020,1,19
-6.009,1,19
-6.002,1,19
-5.994,1,19
-5.983,1,19
-5.974,1,18
-5.953,1,18
-5.943,1,17
-5.934,1,17
-5.923,1,17
-5.912,1,17
-5.904,1,17
-5.894,1,17
-5.884,1,17
-5.873,1,17
-5.863,1,17
-5.853,1,17
-5.844,1,17
-5.833,1,17
-5.823,1,17
-5.814,1,17
-5.800,1,17
-5.789,1,17
-5.780,1,17
-5.774,1,17
-5.763,1,17
-5.752,1,17
-5.744,1,17
-5.734,1,17
-5.724,1,17
-5.713,1,17
-5.704,1,17
-5.693,1,17
-5.683,1,17
-5.674,1,17
-5.663,1,17
-5.654,1,17
-5.644,1,17
-5.633,1,17
-5.624,1,17
-5.610,1,17
-5.598,1,17
-5.591,1,17
-5.582,1,17
-5.572,1,17
-5.562,1,17
-5.552,1,17
-5.536,1,17
-5.529,1,17
-5.523,1,17
-5.513,1,17
-5.503,1,17
-5.492,1,17
-5.482,1,17
-5.473,1,17
-5.463,1,17
-5.450,1,17
-5.438,1,17
-5.427,1,17
-5.423,1,17
-5.413,1,17
-5.403,1,17
-5.392,1,17
-5.384,1,17
-5.373,1,17
-5.363,1,17
-5.353,1,17
-5.342,1,17
-5.334,1,17
-5.322,1,17
-5.314,1,17
-5.303,1,17
-5.294,1,17
-5.282,1,17
-5.273,1,17
-5.263,1,17
-5.253,1,17
-5.239,1,17
-5.225,1,17
-5.219,1,17
-5.212,1,17
-5.204,1,17
-5.193,1,17
-5.184,1,17
-5.173,1,17
-5.163,1,17
-5.153,1,17
-5.142,1,17
-5.134,1,17
-5.123,1,17
-5.114,1,17
-5.104,1,17
-5.093,1,17
-5.083,1,17
-5.074,1,17
-5.063,1,17
-5.052,1,17
-5.044,1,17
-5.029,1,17
-5.020,1,17
-5.012,1,17
-5.003,1,17
-4.993,1,17
-4.983,1,17
-4.974,1,17
-4.963,1,17
-4.954,1,17
-4.944,1,17
-4.933,1,17
-4.923,1,17
-4.913,1,17
-4.902,1,17
-4.894,1,17
-4.882,1,17
-4.874,1,17
-4.863,1,17
-4.853,1,17
-4.844,1,17
-4.833,1,17
-4.823,1,17
-4.812,1,17
-4.803,1,17
-4.794,1,17
-4.784,1,17
-4.774,1,17
-4.762,1,17
-4.753,1,17
-4.745,1,17
-4.732,1,17
-4.723,1,17
-4.712,1,17
-4.703,1,17
-4.694,1,17
-4.684,1,17
-4.674,1,17
-4.663,1,17
-4.654,1,17
-4.643,1,17
-4.634,1,17
-4.622,1,17
-4.613,1,17
-4.601,1,17
-4.588,1,17
-4.581,1,17
-4.573,1,17
-4.563,1,17
-4.552,1,17
-4.543,1,17
-4.534,1,17
-4.522,1,17
-4.510,1,17
-4.498,1,17
-4.493,1,17
-4.483,1,17
-4.473,1,17
-4.462,1,17
-4.454,1,17
-4.444,1,17
-4.433,1,17
-4.423,1,17
-4.413,1,17
-4.403,1,17
-4.393,1,17
-4.383,1,17
-4.372,1,17
-4.363,1,17
-4.354,1,17
-4.344,1,17
-4.333,1,17
-4.324,1,17
-4.313,1,17
-4.302,1,17
-4.294,1,17
-4.284,1,18
-4.274,1,18
-4.263,1,18
-4.254,1,18
-4.243,1,18
-4.233,1,18
-4.223,1,18
-4.214,1,18
-4.202,1,18
-4.192,1,18
-4.184,1,18
-4.173,1,18
-4.163,1,18
-4.153,1,18
-4.143,1,18
-4.133,1,18
-4.122,1,18
-4.114,1,18
-4.103,1,18
-4.094,1,18
-4.084,1,18
-4.069,1,18
-4.056,1,18
-4.050,1,18
-4.043,1,18
-4.033,1,18
-4.023,1,18
-4.013,1,18
-4.003,1,18
-3.993,1,18
-3.983,1,18
-3.973,1,18
-3.963,1,18
-3.954,1,18
-3.944,1,18
-3.934,1,18
-3.924,1,18
-3.913,1,18
-3.903,1,18
-3.894,1,18
-3.883,1,18
-3.873,1,18
-3.862,1,18
-3.854,1,18
-3.843,1,18
-3.834,1,18
-3.823,1,18
-3.814,1,18
-3.803,1,18
-3.793,1,18
-3.783,1,18
-3.774,1,18
-3.763,1,18
-3.754,1,18
-3.744,1,18
-3.733,1,18
-3.723,1,18
-3.713,1,18
-3.703,1,18
-3.693,1,18
-3.684,1,18
-3.674,1,18
-3.662,1,18
-3.653,1,18
-3.638,1,18
-3.627,1,18
-3.621,1,18
-3.613,1,18
-3.603,1,18
-3.594,1,18
-3.583,1,18
-3.573,1,18
-3.563,1,18
-3.553,1,18
-3.543,1,18
-3.532,1,18
-3.522,1,18
-3.513,1,18
-3.504,1,18
-3.494,1,18
-3.481,1,18
-3.468,1,18
-3.461,1,18
-3.453,1,18
-3.443,1,18
-3.433,1,18
-3.421,1,18
-3.410,1,18
-3.403,1,18
-3.394,1,18
-3.382,1,18
-3.373,1,18
-3.360,1,18
-3.353,1,18
-3.343,1,18
-3.332,1,18
-3.324,1,18
-3.312,1,18
-3.303,1,18
-3.294,1,18
-3.283,1,18
-3.273,1,18
-3.263,1,18
-3.254,1,18
-3.243,1,18
-3.234,1,18
-3.222,1,18
-3.213,1,18
-3.203,1,18
-3.193,1,18
-3.183,1,18
-3.174,1,18
-3.163,1,18
-3.154,1,18
-3.144,1,18
-3.134,1,18
-3.123,1,18
-3.113,1,18
-3.101,1,18
-3.088,1,18
-3.077,1,18
-3.070,1,18
-3.063,1,18
-3.053,1,18
-3.043,1,18
-3.033,1,18
-3.023,1,18
-3.012,1,18
-3.002,1,18
-2.994,1,18
-2.982,1,18
-2.974,1,18
-2.963,1,18
-2.953,1,18
-2.943,1,18
-2.933,1,18
-2.923,1,18
-2.910,1,18
-2.897,1,18
-2.891,1,18
-2.883,1,18
-2.874,1,18
-2.863,1,18
-2.853,1,18
-2.843,1,18
-2.833,1,18
-2.824,1,18
-2.813,1,18
-2.804,1,18
-2.792,1,18
-2.783,1,18
-2.773,1,18
-2.763,1,18
-2.753,1,18
-2.743,1,18
-2.734,1,18
-2.722,1,18
-2.714,1,18
-2.702,1,18
-2.693,1,18
-2.683,1,18
-2.673,1,18
-2.663,1,18
-2.654,1,18
-2.642,1,18
-2.634,1,18
-2.624,1,18
-2.614,1,18
-2.603,1,18
-2.593,1,18
-2.583,1,18
-2.573,1,18
-2.563,1,18
-2.553,1,18
-2.542,1,18
-2.534,1,18
-2.524,1,18
-2.513,1,18
-2.503,1,18
-2.493,1,18
-2.482,1,18
-2.473,1,18
-2.462,1,18
-2.454,1,18
-2.444,1,18
-2.434,1,18
-2.423,1,18
-2.413,1,18
-2.403,1,18
-2.394,1,18
-2.382,1,18
-2.373,1,18
-2.361,1,18
-2.353,1,18
-2.343,1,18
-2.333,1,18
-2.322,1,18
-2.312,1,18
-2.303,1,18
-2.294,1,18
-2.282,1,18
-2.274,1,18
-2.263,1,18
-2.253,1,18
-2.243,1,18
-2.234,1,18
-2.222,1,18
-2.214,1,18
-2.202,1,18
-2.194,1,18
-2.184,1,18
-2.174,1,18
-2.163,1,18
-2.153,1,18
-2.143,1,18
-2.132,1,18
-2.124,1,18
-2.114,1,18
-2.104,1,18
-2.093,1,18
-2.083,1,18
-2.073,1,18
-2.063,1,18
-2.053,1,18
-2.043,1,18
-2.034,1,18
-2.022,1,18
-2.014,1,18
-2.003,1,18
-1.993,1,18
-1.983,1,18
-1.974,1,18
-1.963,1,18
-1.954,1,18
-1.942,1,18
-1.934,1,18
-1.923,1,18
-1.913,1,18
-1.903,1,18
-1.892,1,18
-1.884,1,18
-1.874,1,18
-1.864,1,18
-1.853,1,18
-1.844,1,18
-1.834,1,18
-1.823,1,18
-1.813,1,18
-1.798,1,18
-1.788,1,18
-1.780,1,18
-1.774,1,18
-1.763,1,18
-1.751,1,18
-1.743,1,18
-1.733,1,18
-1.723,1,18
-1.712,1,18
-1.703,1,18
-1.692,1,18
-1.684,1,18
-1.674,1,18
-1.663,1,18
-1.653,1,18
-1.643,1,18
-1.632,1,18
-1.624,1,18
-1.614,1,18
-1.603,1,18
-1.593,1,18
-1.583,1,18
-1.574,1,18
-1.563,1,18
-1.552,1,18
-1.543,1,18
-1.534,1,18
-1.524,1,18
-1.514,1,18
-1.502,1,18
-1.493,1,17
-1.483,1,17
-1.473,1,17
-1.463,1,17
-1.454,1,17
-1.442,1,17
-1.434,1,17
-1.424,1,17
-1.414,1,17
-1.403,1,17
-1.393,1,17
-1.383,1,17
-1.373,1,17
-1.360,1,17
-1.348,1,17
-1.338,1,17
-1.330,1,17
-1.322,1,17
-1.314,1,17
-1.303,1,17
-1.293,1,17
-1.283,1,17
-1.274,1,17
-1.263,1,17
-1.252,1,17
-1.242,1,17
-1.234,1,17
-1.223,1,17
-1.213,1,17
-1.202,1,17
-1.193,1,17
-1.184,1,17
-1.174,1,17
-1.163,1,17
-1.153,1,17
-1.143,1,17
-1.133,1,17
-1.123,1,17
-1.109,1,17
-1.097,1,17
-1.093,1,17
-1.084,1,17
-1.073,1,17
-1.063,1,17
-1.054,1,17
-1.043,1,17
-1.033,1,17
-1.023,1,17
-1.014,1,17
-1.003,1,17
-0.994,1,17
-0.984,1,17
-0.974,1,17
-0.963,1,17
-0.953,1,17
-0.942,1,17
-0.932,1,17
-0.922,1,17
-0.914,1,17
-0.904,1,17
-0.894,1,17
-0.883,1,17
-0.873,1,17
-0.863,1,17
-0.853,1,17
-0.842,1,17
-0.833,1,17
-0.824,1,17
-0.812,1,17
-0.804,1,17
-0.793,1,17
-0.783,1,17
-0.773,1,17
-0.763,1,17
-0.754,1,17
-0.742,1,17
-0.732,1,17
-0.724,1,17
-0.713,1,17
-0.703,1,17
-0.693,1,17
-0.683,1,17
-0.674,1,17
-0.662,1,17
-0.652,1,17
-0.644,1,17
-0.633,1,17
-0.624,1,17
-0.613,1,17
-0.603,1,17
-0.593,1,17
-0.584,1,17
-0.574,1,17
-0.563,1,17
-0.553,1,17
-0.543,1,17
-0.533,1,17
-0.522,1,17
-0.513,1,17
-0.503,1,17
-0.494,1,17
-0.484,1,17
-0.474,1,17
-0.463,1,17
-0.453,1,17
-0.443,1,17
-0.433,1,17
-0.423,1,17
-0.412,1,17
-0.404,1,17
-0.394,1,17
-0.382,1,17
-0.374,1,17
-0.363,1,17
-0.353,1,17
-0.343,1,17
-0.332,1,17
-0.324,1,17
-0.314,1,17
-0.302,1,17
-0.294,1,17
-0.284,1,17
-0.273,1,17
-0.263,1,17
-0.253,1,17
-0.243,1,17
-0.234,1,17
-0.223,1,17
-0.214,1,17
-0.203,1,17
-0.193,1,17
-0.183,1,17
-0.173,1,17
-0.163,1,17
-0.154,1,17
-0.143,1,17
-0.133,1,17
-0.122,1,17
-0.113,1,17
-0.103,1,17
-0.093,1,17
-0.082,1,17
-0.074,1,17
-0.063,1,17
-0.054,1,17
-0.044,1,17
-0.033,1,17
-0.024,1,17
-0.013,1,17
-0.003,1,17
0.008,1,17
0.017,1,17
0.028,1,17
0.038,1,17
0.046,1,17
0.056,1,17
0.067,1,17
0.077,1,17
0.087,1,17
0.097,1,17
0.106,1,17
0.116,1,17
0.126,1,17
0.137,1,17
0.146,1,17
0.157,1,17
0.167,1,17
0.178,1,17
0.186,1,17
0.196,1,17
0.207,1,17
0.216,1,17
0.227,1,17
0.238,1,17
0.247,1,17
0.257,1,17
0.266,1,17
0.278,1,17
0.286,1,17
0.297,1,17
0.307,1,17
0.316,1,17
0.327,1,17
0.338,1,17
0.346,1,17
0.357,1,17
0.366,1,17
0.376,1,17
0.386,1,17
0.396,1,17
0.407,1,17
0.417,1,17
0.427,1,17
0.437,1,17
0.446,1,17
0.457,1,17
0.467,1,17
0.479,1,17
0.492,1,17
0.502,1,17
0.507,1,17
0.517,1,17
0.526,1,17
0.538,1,17
0.546,1,17
0.558,1,17
0.566,1,17
0.577,1,17
0.587,1,17
0.597,1,17
0.612,1,17
0.622,1,17
0.627,1,17
0.638,1,17
0.646,1,17
0.656,1,17
0.667,1,17
0.677,1,17
0.687,1,17
0.697,1,17
0.710,1,17
0.721,1,17
0.728,1,-4
0.738,1,-12
0.747,1,9
0.757,1,25
0.767,1,0
0.777,1,1
0.786,1,26
0.797,1,5
0.810,1,6
0.822,1,29
0.828,1,8
0.837,1,12
0.847,1,28
0.856,1,6
0.868,1,8
0.876,1,23
0.886,1,3
0.896,1,9
0.907,1,16
0.917,1,5
0.927,1,12
0.938,1,24
0.950,1,7
0.962,1,28
0.971,1,28
0.978,1,12
0.986,1,27
0.996,1,29
1.007,1,20
1.017,1,21
1.027,1,26
1.038,1,9
1.046,1,11
1.057,1,11
1.066,1,7
1.076,1,9
1.086,1,8
1.097,1,7
1.107,1,10
1.117,1,9
1.126,1,10
1.137,1,12
1.148,1,10
1.156,1,12
1.166,1,18
1.178,1,19
1.187,1,28
1.197,1,28
1.208,1,29
1.216,1,30
1.227,1,30
1.236,1,30
1.250,1,30
1.263,1,28
1.269,1,28
1.277,1,28
1.287,1,26
1.297,1,22
1.306,1,16
1.317,1,11
1.326,1,11
1.338,1,10
1.347,1,9
1.357,1,10
1.367,1,10
1.377,1,10
1.387,1,11
1.397,1,11
1.407,1,11
1.416,1,11
1.427,1,13
1.437,1,13
1.447,1,14
1.457,1,14
1.467,1,14
1.480,1,12
1.492,1,11
1.500,1,12
1.506,1,9
1.517,1,10
1.526,1,10
1.537,1,9
1.547,1,9
1.562,1,9
1.575,1,9
1.580,1,10
1.588,1,10
1.596,1,11
1.606,1,12
1.617,1,14
1.627,1,14
1.637,1,16
1.646,1,17
1.657,1,13
1.666,1,14
1.677,1,10
1.691,1,9
1.704,1,9
1.712,1,8
1.717,1,8
1.728,1,8
1.737,1,8
1.748,1,8
1.756,1,8
1.766,1,8
1.777,1,9
1.787,1,10
1.797,1,9
1.808,1,11
1.817,1,10
1.826,1,9
1.838,1,11
1.846,1,9
1.856,1,9
1.866,1,9
1.878,1,8
1.887,1,8
1.897,1,7
1.907,1,7
1.918,1,7
1.927,1,6
1.937,1,6
1.947,1,6
1.956,1,6
1.967,1,5
1.977,1,5
1.988,1,5
1.997,1,5
2.008,1,4
2.017,1,4
2.026,1,4
2.037,1,3
2.047,1,3
2.057,1,3
2.067,1,4
2.077,1,4
2.087,1,17
2.096,1,18
2.108,1,18
2.116,1,19
2.127,1,19
2.137,1,18
2.147,1,18
2.157,1,18
2.166,1,15
2.176,1,15
2.186,1,-2
2.196,1,-1
2.206,1,-1
2.217,1,-3
2.226,1,-2
2.237,1,-2
2.247,1,-3
2.256,1,-1
2.267,1,0
2.278,1,0
2.287,1,2
2.296,1,5
2.307,1,8
2.317,1,15
2.327,1,15
2.337,1,17
2.348,1,17
2.358,1,17
2.367,1,17
2.377,1,15
2.386,1,14
2.397,1,11
2.407,1,1
2.417,1,0
2.428,1,-1
2.437,1,-1
2.447,1,-1
2.458,1,-2
2.468,1,-2
2.477,1,-2
2.487,1,-2
2.497,1,-1
2.507,1,0
2.517,1,1
2.527,1,6
2.538,1,9
2.546,1,13
2.557,1,15
2.567,1,15
2.577,1,13
2.587,1,10
2.597,1,7
2.607,1,0
2.617,1,-11
2.628,1,-11
2.637,1,-11
2.647,1,-11
2.657,1,-11
2.667,1,-12
2.678,1,-17
2.686,1,-20
2.697,1,-22
2.706,1,-24
2.716,1,-20
2.728,1,-14
2.737,1,-7
2.747,1,-3
2.757,1,-2
2.766,1,-2
2.777,1,-2
2.788,1,-2
2.796,1,-2
2.806,1,-2
2.817,1,-2
2.827,1,-2
2.837,1,-2
2.846,1,-3
2.858,1,-3
2.866,1,-5
2.878,1,-11
2.887,1,-13
2.898,1,-16
2.907,1,-16
2.917,1,-17
2.927,1,-17
2.937,1,-17
2.947,1,-17
2.957,1,-17
2.966,1,-17
2.977,1,-19
2.987,1,-20
2.997,1,-20
3.008,1,-18
3.018,1,-16
3.026,1,-12
3.038,1,-11
3.046,1,-11
3.057,1,-10
3.066,1,-9
3.077,1,-9
3.087,1,-9
3.097,1,-8
3.107,1,-7
3.118,1,-6
3.126,1,-5
3.138,1,-5
3.147,1,-5
3.156,1,-5
3.167,1,-5
3.177,1,-6
3.187,1,-8
3.197,1,-7
3.210,1,-7
3.224,1,-8
3.230,1,-8
3.237,1,-8
3.247,1,-8
3.257,1,-8
3.267,1,-8
3.277,1,-8
3.288,1,-8
3.297,1,-8
3.307,1,-7
3.317,1,-7
3.327,1,-7
3.337,1,-7
3.347,1,-7
3.357,1,-7
3.367,1,-7
3.378,1,-7
3.387,1,-5
3.396,1,-3
3.407,1,-3
3.416,1,-3
3.427,1,-3
3.437,1,-3
3.448,1,-3
3.456,1,-3
3.467,1,-3
3.478,1,-3
3.486,1,-3
3.497,1,-1
3.507,1,-1
3.517,1,-1
3.527,1,-1
3.537,1,0
3.546,1,1
3.557,1,2
3.566,1,3
3.578,1,4
3.586,1,5
3.597,1,5
3.607,1,5
3.617,1,5
3.627,1,4
3.637,1,4
3.646,1,4
3.658,1,4
3.667,1,4
3.676,1,3
3.687,1,4
3.697,1,5
3.707,1,8
3.718,1,10
3.727,1,11
3.738,1,11
3.746,1,12
3.756,1,12
3.767,1,12
3.777,1,12
3.787,1,12
3.797,1,13
3.808,1,13
3.816,1,13
3.830,1,12
3.842,1,11
3.853,1,11
3.858,1,9
3.867,1,8
3.877,1,9
3.886,1,6
3.897,1,6
3.906,1,9
3.916,1,9
3.927,1,11
3.938,1,12
3.947,1,12
3.957,1,16
3.970,1,17
3.982,1,17
3.988,1,23
3.996,1,24
4.009,1,24
4.016,1,24
4.027,1,24
4.037,1,24
4.048,1,24
4.057,1,24
4.068,1,24
4.077,1,24
4.087,1,24
4.096,1,25
4.106,1,25
4.117,1,25
4.128,1,24
4.137,1,22
4.147,1,22
4.158,1,21
4.166,1,20
4.176,1,20
4.187,1,20
4.201,1,20
4.213,1,20
4.223,1,20
4.227,1,19
4.237,1,18
4.246,1,17
4.258,1,10
4.267,1,9
4.276,1,9
4.287,1,8
4.297,1,6
4.307,1,6
4.317,1,6
4.328,1,6
4.336,1,6
4.350,1,6
4.361,1,2
4.369,1,1
4.377,1,1
4.387,1,-2
4.397,1,-3
4.406,1,-3
4.417,1,-6
4.426,1,-6
4.438,1,-6
4.446,1,-7
4.457,1,-7
4.467,1,-6
4.477,1,-7
4.490,1,-6
4.501,1,-6
4.511,1,-6
4.518,1,-5
4.526,1,-5
4.537,1,-5
4.547,1,-4
4.557,1,-4
4.567,1,-4
4.577,1,-4
4.587,1,-4
4.598,1,-3
4.606,1,0
4.616,1,0
4.627,1,0
4.637,1,2
4.647,1,2
4.656,1,2
4.666,1,2
4.677,1,2
4.687,1,2
4.697,1,4
4.707,1,4
4.717,1,4
4.727,1,4
4.737,1,4
4.746,1,4
4.757,1,4
4.766,1,4
4.776,1,4
4.787,1,4
4.797,1,3
4.807,1,0
4.818,1,0
4.826,1,-1
4.837,1,-1
4.846,1,-1
4.856,1,-1
4.866,1,-2
4.876,1,-2
4.887,1,-1
4.897,1,0
4.909,1,9
4.917,1,14
4.928,1,15
4.939,1,20
4.949,1,20
4.962,1,20
4.969,1,22
4.977,1,22
4.987,1,22
4.997,1,22
5.007,1,20
5.017,1,18
5.027,1,14
5.038,1,10
5.046,1,7
5.057,1,4
5.067,1,1
5.077,1,-1
5.087,1,-3
5.097,1,-5
5.107,1,-7
5.118,1,-10
5.126,1,-10
5.139,1,-10
5.147,1,-12
5.157,1,-12
5.167,1,-12
5.177,1,-12
5.187,1,-13
5.197,1,-14
5.206,1,-14
5.217,1,-14
5.226,1,-15
5.238,1,-15
5.247,1,-16
5.258,1,-16
5.267,1,-17
5.278,1,-17
5.287,1,-17
5.298,1,-17
5.306,1,-18
5.317,1,-19
5.327,1,-19
5.337,1,-19
5.348,1,-19
5.358,1,-19
5.367,1,-19
5.376,1,-20
5.386,1,-20
5.396,1,-20
5.407,1,-20
5.417,1,-20
5.427,1,-21
5.437,1,-21
5.448,1,-21
5.458,1,-22
5.466,1,-22
5.477,1,-22
5.487,1,-22
5.497,1,-19
5.507,1,-19
5.516,1,-19
5.526,1,-18
5.537,1,-18
5.546,1,-18
5.556,1,-18
5.566,1,-18
5.577,1,-18
5.587,1,-20
5.597,1,-23
5.606,1,-25
5.618,1,-27
5.627,1,-27
5.637,1,-26
5.647,1,-26
5.657,1,-26
5.667,1,-26
5.677,1,-26
5.686,1,-26
5.696,1,-26
5.706,1,-26
5.716,1,-26
5.726,1,-26
5.737,1,-26
5.747,1,-26
5.757,1,-26
5.767,1,-25
5.776,1,-20
5.787,1,-18
5.796,1,-15
5.807,1,-15
5.816,1,-15
5.826,1,-15
5.837,1,-15
5.847,1,-15
5.858,1,-15
5.866,1,-15
5.877,1,-16
5.886,1,-17
5.896,1,-17
5.906,1,-17
5.917,1,-17
5.927,1,-17
5.937,1,-17
5.948,1,-17
5.957,1,-17
5.967,1,-17
5.976,1,-18
5.987,1,-18
5.996,1,-18
6.007,1,-18
6.017,1,-18
6.027,1,-18
6.043,1,-18
6.051,1,-18
6.057,1,-18
6.066,1,-18
6.077,1,-18
6.087,1,-17
6.097,1,-17
6.107,1,-15
6.118,1,-15
6.126,1,-14
6.137,1,-14
6.146,1,-14
6.156,1,-14
6.166,1,-14
6.177,1,-15
6.187,1,-15
6.197,1,-15
6.206,1,-16
6.217,1,-16
6.231,1,-17
6.242,1,-17
6.247,1,-17
6.256,1,-17
6.267,1,-17
6.277,1,-17
6.287,1,-17
6.298,1,-17
6.307,1,-16
6.317,1,-16
6.328,1,-13
6.337,1,-14
6.347,1,-14
6.357,1,-12
6.367,1,-12
6.377,1,-13
6.387,1,-13
6.398,1,-14
6.408,1,-16
6.418,1,-16
6.431,1,-17
6.443,1,-17
6.449,1,-17
6.457,1,-18
6.467,1,-18
6.477,1,-16
6.486,1,-16
6.496,1,-12
6.507,1,-12
6.517,1,-11
6.527,1,-8
6.537,1,-7
6.547,1,-7
6.557,1,-6
6.566,1,-8
6.576,1,-10
6.586,1,-12
6.596,1,-12
6.607,1,-13
6.617,1,-13
6.627,1,-13
6.637,1,-13
6.647,1,-14
6.656,1,-14
6.666,1,-14
6.676,1,-13
6.687,1,-10
6.697,1,-8
6.707,1,-8
6.721,1,-6
6.734,1,-6
6.740,1,-6
6.748,1,-5
6.756,1,-4
6.766,1,-5
6.781,1,-4
6.789,1,-4
6.797,1,-7
6.807,1,-10
6.816,1,-13
6.828,1,-14
6.837,1,-14
6.850,1,-14
6.861,1,-10
6.867,1,-10
6.877,1,-10
6.887,1,-12
6.900,1,-12
6.908,1,-13
6.917,1,-13
6.926,1,-15
6.937,1,-15
6.950,1,-15
6.959,1,-15
6.967,1,-15
6.977,1,-15
6.987,1,-15
6.997,1,-14
7.006,1,-13
7.016,1,-13
7.026,1,-13
7.037,1,-13
7.047,1,-14
7.057,1,-11
7.068,1,-11
7.077,1,-10
7.086,1,-8
7.096,1,-8
7.106,1,-8
7.116,1,-8
7.127,1,-10
7.137,1,-11
7.147,1,-11
7.157,1,-13
7.167,1,-14
7.176,1,-15
7.186,1,-22
7.196,1,-22
7.207,1,-21
7.217,1,-23
7.227,1,-20
7.237,1,-20
7.247,1,-20
7.258,1,-12
7.266,1,-12
7.277,1,-7
7.287,1,-7
7.297,1,-7
7.307,1,-6
7.317,1,-6
7.327,1,-6
7.337,1,-4
7.346,1,-3
7.356,1,-2
7.366,1,-2
7.377,1,-4
7.387,1,-5
7.397,1,-5
7.408,1,-5
7.416,1,-6
7.427,1,-6
7.436,1,-12
7.446,1,-9
7.456,1,-9
7.467,1,-9
7.477,1,-8
7.487,1,-8
7.497,1,-6
7.508,1,-4
7.516,1,-4
7.527,1,0
7.537,1,3
7.546,1,2
7.557,1,4
7.567,1,3
7.578,1,-4
7.587,1,-7
7.597,1,-11
7.607,1,-14
7.618,1,-16
7.626,1,-20
7.637,1,-25
7.647,1,-25
7.657,1,-28
7.667,1,-29
7.677,1,-29
7.686,1,-27
7.696,1,-24
7.706,1,-21
7.717,1,-20
7.727,1,-18
7.737,1,-7
7.747,1,-7
7.756,1,-1
7.766,1,1
7.776,1,0
7.788,1,0
7.796,1,1
7.807,1,1
7.817,1,1
7.827,1,2
7.837,1,-1
7.846,1,-5
7.857,1,-8
7.866,1,-10
7.876,1,-11
7.886,1,-11
7.897,1,-11
7.907,1,-11
7.917,1,-11
7.927,1,-11
7.937,1,-11
7.948,1,-11
7.956,1,-11
7.966,1,-7
7.976,1,-6
7.987,1,-2
7.997,1,-1
8.006,1,-1
8.017,1,2
8.027,1,4
8.038,1,5
8.048,1,5
8.058,1,6
8.067,1,3
8.077,1,0
8.091,1,-1
8.103,1,-4
8.110,1,-6
8.117,1,-6
8.126,1,-6
8.137,1,-6
8.149,1,-6
8.162,1,-6
8.169,1,-6
8.177,1,-6
8.186,1,-6
8.197,1,-5
8.206,1,-5
8.218,1,-3
8.230,1,-2
8.241,1,-2
8.247,1,1
8.257,1,3
8.267,1,2
8.278,1,4
8.287,1,6
8.297,1,4
8.306,1,2
8.316,1,2
8.328,1,-4
8.337,1,-7
8.347,1,-8
8.357,1,-11
8.367,1,-11
8.377,1,-22
8.388,1,-24
8.398,1,-23
8.409,1,-23
8.417,1,-23
8.427,1,-20
8.437,1,-20
8.448,1,-20
8.457,1,-14
8.467,1,-14
8.478,1,-8
8.488,1,-4
8.498,1,-3
8.507,1,0
8.517,1,1
8.528,1,2
8.537,1,5
8.547,1,5
8.557,1,5
8.568,1,7
8.576,1,4
8.587,1,4
8.597,1,3
8.608,1,0
8.617,1,-1
8.628,1,0
8.637,1,-2
8.647,1,-1
8.657,1,0
8.667,1,0
8.677,1,1
8.687,1,2
8.697,1,3
8.707,1,6
8.717,1,6
8.727,1,7
8.738,1,8
8.746,1,5
8.757,1,5
8.767,1,6
8.777,1,6
8.787,1,8
8.797,1,9
8.807,1,6
8.817,1,4
8.828,1,0
8.837,1,-4
8.847,1,-7
8.857,1,-7
8.867,1,-7
8.877,1,-7
8.887,1,-7
8.897,1,-5
8.908,1,-3
8.918,1,-3
8.927,1,-2
8.939,1,-2
8.947,1,-2
8.957,1,-1
8.967,1,-1
8.977,1,-1
8.987,1,1
8.997,1,1
9.008,1,1
9.017,1,1
9.027,1,-1
9.037,1,-2
9.048,1,-3
9.057,1,-3
9.067,1,-3
9.078,1,-3
9.086,1,-3
9.096,1,-4
9.107,1,-6
9.117,1,-8
9.127,1,-8
9.137,1,-8
9.148,1,-8
9.158,1,-8
9.166,1,-8
9.178,1,-8
9.187,1,-8
9.197,1,-9
9.207,1,-8
9.217,1,-8
9.228,1,-6
9.237,1,-6
9.247,1,-6
9.257,1,-7
9.267,1,-7
9.277,1,-7
9.287,1,-6
9.297,1,-6
9.306,1,-6
9.317,1,-5
9.328,1,-5
9.338,1,-5
9.347,1,-5
9.357,1,-10
9.367,1,-11
9.377,1,-12
9.387,1,-14
9.396,1,-11
9.407,1,-7
9.416,1,-5
9.427,1,0
9.437,1,1
9.447,1,1
9.457,1,2
9.467,1,2
9.477,1,-1
9.488,1,1
9.496,1,1
9.506,1,1
9.516,1,2
9.527,1,1
9.537,1,-2
9.547,1,-3
9.557,1,-4
9.567,1,-4
9.576,1,-4
9.586,1,-4
9.597,1,-4
9.606,1,-5
9.617,1,-5
9.627,1,-5
9.637,1,-6
9.646,1,-6
9.657,1,-8
9.666,1,-12
9.676,1,-14
9.687,1,-14
9.697,1,-14
9.707,1,-14
9.717,1,-13
9.727,1,-9
9.737,1,-5
9.746,1,-3
9.757,1,1
9.768,1,3
9.776,1,3
9.787,1,3
9.797,1,3
9.807,1,2
9.818,1,0
9.826,1,-3
9.837,1,-5
9.846,1,-7
9.856,1,-8
9.867,1,-8
9.877,1,-8
9.887,1,-7
9.897,1,-6
9.906,1,-6
9.917,1,-7
9.928,1,-6
9.936,1,-5
9.950,1,-5
9.962,1,-4
9.969,1,-4
9.977,1,-4
9.987,1,-4
9.997,1,-4
10.007,1,-4
10.016,1,-4
10.026,1,-6
10.037,1,-8
10.050,1,-8
10.061,1,-8
10.067,1,-8
10.077,1,-7
10.087,1,-6
10.097,1,-5
10.106,1,-4
10.116,1,-4
10.127,1,-4
10.137,1,-4
10.147,1,-6
10.157,1,-6
10.166,1,-6
10.177,1,-6
10.186,1,-6
10.197,1,-6
10.208,1,-6
10.217,1,-6
10.227,1,-7
10.238,1,-6
10.250,1,-6
10.262,1,-4
10.272,1,-3
10.280,1,-3
10.287,1,-3
10.296,1,-3
10.307,1,-3
10.317,1,-2
10.327,1,-1
10.338,1,-2
10.348,1,-2
10.357,1,-4
10.367,1,-6
10.378,1,-6
10.387,1,-8
10.397,1,-10
10.408,1,-8
10.417,1,-8
10.427,1,-7
10.437,1,-5
10.446,1,-5
10.456,1,-7
10.467,1,-7
10.478,1,-8
10.487,1,-8
10.497,1,-8
10.508,1,-8
10.517,1,-9
10.527,1,-12
10.538,1,-15
10.550,1,-17
10.559,1,-16
10.567,1,-15
10.578,1,-11
10.588,1,-9
10.596,1,-8
10.607,1,-9
10.617,1,-9
10.626,1,-10
10.637,1,-10
10.647,1,-9
10.657,1,-9
10.667,1,-5
10.677,1,-5
10.687,1,-8
10.697,1,-10
10.708,1,-15
10.717,1,-16
10.727,1,-16
10.737,1,-16
10.747,1,-12
10.757,1,-9
10.768,1,-7
10.777,1,-6
10.786,1,-6
10.796,1,-6
10.807,1,-6
10.816,1,-6
10.827,1,-6
10.837,1,-5
10.847,1,-7
10.858,1,-9
10.868,1,-11
10.877,1,-14
10.886,1,-13
10.897,1,-12
10.907,1,-11
10.917,1,-7
10.928,1,-7
10.937,1,-8
10.947,1,-8
10.956,1,-8
10.969,1,-6
10.984,1,-1
10.988,1,1
10.997,1,5
11.007,1,6
11.017,1,1
11.027,1,-1
11.038,1,-2
11.048,1,-5
11.056,1,-4
11.066,1,-2
11.080,1,-2
11.093,1,-3
11.099,1,-4
11.107,1,-8
11.117,1,-9
11.128,1,-9
11.140,1,-9
11.157,1,-5
11.165,1,-4
11.171,1,-1
11.177,1,0
11.187,1,-2
11.197,1,-2
11.207,1,-1
11.217,1,-1
11.227,1,2
11.238,1,3
11.247,1,3
11.258,1,3
11.267,1,1
11.277,1,-1
11.286,1,-1
11.298,1,-1
11.306,1,-1
11.316,1,-1
11.330,1,-1
11.343,1,-1
11.349,1,-1
11.357,1,-1
11.369,1,1
11.377,1,1
11.387,1,2
11.396,1,2
11.406,1,2
11.416,1,2
11.427,1,0
11.437,1,0
11.447,1,0
11.458,1,0
11.467,1,0
11.478,1,1
11.486,1,-1
11.496,1,-1
11.507,1,-1
11.517,1,-3
11.527,1,-3
11.537,1,-3
11.546,1,-2
11.557,1,-1
11.566,1,-1
11.576,1,-1
11.588,1,-1
11.597,1,-2
11.610,1,-2
11.621,1,0
11.631,1,0
11.638,1,1
11.647,1,1
11.658,1,-2
11.668,1,-3
11.676,1,-5
11.687,1,-7
11.698,1,-6
11.707,1,-6
11.717,1,-6
11.727,1,-5
11.738,1,-5
11.746,1,-6
11.756,1,-4
11.767,1,-4
11.777,1,-3
11.787,1,0
11.797,1,1
11.808,1,1
11.817,1,1
11.826,1,-3
11.838,1,-6
11.846,1,-8
11.857,1,-9
11.867,1,-9
11.877,1,-4
11.887,1,-2
11.897,1,-1
11.907,1,-1
11.918,1,-3
11.926,1,-4
11.937,1,-4
11.947,1,-2
11.957,1,2
11.967,1,4
11.976,1,5
11.986,1,5
11.998,1,1
12.006,1,-4
12.020,1,-6
12.034,1,-7
12.040,1,-7
12.047,1,-2
12.056,1,1
12.067,1,4
12.077,1,4
12.086,1,4
12.096,1,2
12.106,1,2
12.117,1,2
12.127,1,3
12.141,1,5
12.151,1,5
12.163,1,5
12.170,1,2
12.177,1,1
12.187,1,1
12.198,1,0
12.208,1,0
12.217,1,0
12.227,1,0
12.237,1,0
12.248,1,0
12.257,1,0
12.267,1,0
12.278,1,0
12.287,1,1
12.297,1,3
12.307,1,3
12.317,1,3
12.327,1,3
12.336,1,3
12.347,1,3
12.358,1,2
12.367,1,2
12.377,1,0
12.387,1,-2
12.397,1,-2
12.407,1,-3
12.417,1,-4
12.427,1,-4
12.438,1,-4
12.447,1,-4
12.457,1,-3
12.467,1,-2
12.477,1,-1
12.488,1,1
12.497,1,0
12.507,1,0
12.516,1,-2
12.526,1,-6
12.537,1,-7
12.547,1,-9
12.557,1,-10
12.567,1,-9
12.577,1,-9
12.587,1,-12
12.596,1,-12
12.606,1,-12
12.616,1,-12
12.627,1,-10
12.637,1,-10
12.647,1,-8
12.657,1,-10
12.668,1,-12
12.678,1,-12
12.686,1,-11
12.696,1,-11
12.706,1,-7
12.717,1,-6
12.727,1,-5
12.738,1,-4
12.747,1,-5
12.757,1,-6
12.768,1,-7
12.778,1,-8
12.786,1,-10
12.797,1,-10
12.807,1,-10
12.817,1,-10
12.827,1,-10
12.837,1,-10
12.847,1,-10
12.856,1,-10
12.867,1,-9
12.877,1,-10
12.887,1,-8
12.897,1,-8
12.907,1,-9
12.917,1,-7
12.926,1,-7
12.937,1,-6
12.947,1,-4
12.956,1,-4
12.966,1,-4
12.977,1,-3
12.987,1,-3
12.997,1,-3
13.007,1,-2
13.021,1,-4
13.031,1,-4
13.038,1,-6
13.048,1,-6
13.058,1,-6
13.067,1,-8
13.078,1,-8
13.087,1,-7
13.097,1,-8
13.108,1,-7
13.117,1,-6
13.126,1,-6
13.138,1,-4
13.147,1,-4
13.157,1,-5
13.167,1,-5
13.177,1,-8
13.187,1,-9
13.197,1,-9
13.208,1,-10
13.218,1,-10
13.228,1,-10
13.237,1,-11
13.247,1,-11
13.257,1,-11
13.268,1,-11
13.277,1,-9
13.287,1,-8
13.297,1,-6
13.308,1,-3
13.317,1,-4
13.327,1,-3
13.338,1,-2
13.346,1,-3
13.357,1,-1
13.368,1,1
13.376,1,1
13.386,1,4
13.397,1,4
13.407,1,3
13.417,1,3
13.427,1,2
13.437,1,2
13.447,1,2
13.458,1,2
13.466,1,2
13.478,1,2
13.487,1,2
13.497,1,1
13.507,1,3
13.520,1,4
13.531,1,6
13.537,1,9
13.548,1,11
13.557,1,12
13.568,1,13
13.577,1,13
13.589,1,12
13.597,1,10
13.607,1,6
13.618,1,2
13.627,1,1
13.638,1,1
13.647,1,2
13.658,1,6
13.667,1,8
13.677,1,12
13.687,1,14
13.697,1,15
13.707,1,15
13.717,1,16
13.728,1,17
13.737,1,21
13.747,1,22
13.757,1,22
13.768,1,23
13.777,1,17
13.787,1,13
13.797,1,11
13.806,1,9
13.818,1,11
13.826,1,16
13.837,1,17
13.848,1,21
13.858,1,22
13.867,1,20
13.878,1,20
13.886,1,21
13.896,1,26
13.906,1,33
13.918,1,36
13.927,1,37
13.937,1,37
13.946,1,33
13.957,1,30
13.967,1,29
13.977,1,28
13.988,1,29
13.996,1,31
14.007,1,31
14.017,1,31
14.027,1,31
14.037,1,31
14.047,1,30
14.057,1,30
14.066,1,33
14.078,1,36
14.087,1,38
14.097,1,38
14.108,1,37
14.120,1,34
14.130,1,34
14.143,1,33
14.149,1,33
14.157,1,32
14.166,1,32
14.177,1,31
14.187,1,28
14.197,1,28
14.207,1,28
14.217,1,31
14.227,1,35
14.236,1,38
14.246,1,40
14.257,1,42
14.267,1,42
14.277,1,42
14.287,1,42
14.296,1,42
14.307,1,42
14.317,1,43
14.326,1,43
14.338,1,43
14.347,1,43
14.357,1,42
14.367,1,41
14.377,1,39
14.386,1,38
14.397,1,42
14.408,1,44
14.418,1,47
14.427,1,49
14.437,1,49
14.447,1,49
14.458,1,49
14.467,1,49
14.478,1,53
14.486,1,54
14.496,1,57
14.506,1,58
14.517,1,57
14.527,1,56
14.538,1,56
14.548,1,52
14.557,1,51
14.567,1,52
14.577,1,52
14.588,1,54
14.596,1,55
14.607,1,55
14.617,1,56
14.627,1,56
14.637,1,55
14.648,1,56
14.658,1,58
14.667,1,61
14.676,1,64
14.686,1,65
14.697,1,65
14.707,1,65
14.718,1,62
14.727,1,61
14.738,1,61
14.746,1,62
14.758,1,65
14.767,1,65
14.777,1,65
14.787,1,65
14.797,1,61
14.808,1,59
14.817,1,59
14.826,1,58
14.837,1,58
14.850,1,59
14.862,1,59
14.869,1,59
14.878,1,60
14.887,1,60
14.898,1,60
14.908,1,60
14.917,1,61
14.926,1,62
14.938,1,62
14.948,1,62
14.957,1,60
14.967,1,57
14.978,1,56
14.987,1,56
14.997,1,57
15.006,1,60
15.017,1,63
15.027,1,66
15.037,1,66
15.047,1,66
15.057,1,66
15.068,1,66
15.077,1,66
15.086,1,67
15.096,1,68
15.106,1,68
15.117,1,69
15.127,1,67
15.138,1,65
15.147,1,64
15.157,1,63
15.168,1,63
15.178,1,63
15.186,1,63
15.198,1,63
15.207,1,64
15.217,1,64
15.230,1,63
15.242,1,63
15.253,1,62
15.260,1,62
15.267,1,62
15.278,1,62
15.287,1,62
15.298,1,62
15.307,1,60
15.317,1,59
15.328,1,57
15.338,1,56
15.346,1,56
15.357,1,56
15.367,1,55
15.378,1,53
15.387,1,51
15.397,1,49
15.408,1,48
15.417,1,48
15.428,1,48
15.438,1,49
15.447,1,49
15.457,1,48
15.467,1,44
15.477,1,38
15.487,1,34
15.498,1,32
15.507,1,32
15.517,1,31
15.526,1,31
15.537,1,31
15.547,1,28
15.557,1,28
15.567,1,28
15.577,1,28
15.588,1,29
15.598,1,30
15.608,1,30
15.616,1,29
15.627,1,27
15.638,1,26
15.647,1,25
15.657,1,25
15.667,1,25
15.678,1,25
15.686,1,23
15.697,1,20
15.706,1,16
15.718,1,15
15.727,1,15
15.737,1,16
15.747,1,18
15.758,1,19
15.768,1,20
15.778,1,18
15.786,1,15
15.798,1,13
15.807,1,12
15.817,1,13
15.827,1,16
15.837,1,18
15.847,1,18
15.858,1,15
15.868,1,9
15.877,1,3
15.887,1,-1
15.897,1,0
15.907,1,4
15.918,1,10
15.928,1,15
15.937,1,15
15.947,1,10
15.956,1,3
15.967,1,-2
15.977,1,-3
15.987,1,2
15.997,1,6
16.007,1,10
16.018,1,10
16.028,1,6
16.038,1,2
16.048,1,-2
16.057,1,-3
16.067,1,-1
16.077,1,0
16.087,1,1
16.098,1,3
16.106,1,1
16.117,1,-2
16.127,1,-3
16.138,1,-4
16.147,1,-4
16.157,1,-3
16.167,1,0
16.178,1,2
16.187,1,2
16.200,1,2
16.211,1,3
16.224,1,2
16.232,1,2
16.238,1,2
16.247,1,2
16.258,1,3
16.267,1,4
16.278,1,4
16.288,1,7
16.297,1,7
16.306,1,8
16.316,1,10
16.327,1,9
16.337,1,9
16.347,1,8
16.357,1,5
16.367,1,4
16.377,1,2
16.387,1,1
16.396,1,3
16.409,1,2
16.417,1,3
16.427,1,6
16.437,1,7
16.447,1,6
16.457,1,6
16.466,1,5
16.478,1,5
16.487,1,8
16.497,1,6
16.507,1,5
16.517,1,4
16.528,1,0
16.537,1,-2
16.546,1,-3
16.556,1,-3
16.568,1,-2
16.578,1,-2
16.587,1,-2
16.597,1,0
16.607,1,0
16.617,1,0
16.634,1,2
16.642,1,4
16.647,1,7
16.658,1,10
16.667,1,10
16.677,1,10
16.689,1,9
16.698,1,6
16.708,1,5
16.718,1,5
16.727,1,5
16.738,1,6
16.746,1,7
16.757,1,7
16.767,1,7
16.777,1,7
16.787,1,7
16.798,1,7
16.808,1,7
16.818,1,7
16.826,1,7
16.837,1,8
16.847,1,9
16.857,1,8
16.868,1,6
16.877,1,3
16.888,1,1
16.897,1,0
16.908,1,0
16.916,1,0
16.929,1,-1
16.943,1,-1
16.950,1,-1
16.957,1,-1
16.967,1,0
16.977,1,3
16.986,1,5
16.996,1,7
17.007,1,7
17.017,1,5
17.030,1,2
17.041,1,-1
17.052,1,-2
17.057,1,-1
17.067,1,0
17.078,1,0
17.088,1,0
17.098,1,-2
17.107,1,-5
17.117,1,-8
17.127,1,-9
17.137,1,-8
17.147,1,-4
17.157,1,-3
17.167,1,2
17.177,1,3
17.187,1,2
17.197,1,1
17.207,1,0
17.218,1,-1
17.227,1,0
17.237,1,0
17.248,1,0
17.257,1,0
17.267,1,-4
17.277,1,-6
17.287,1,-6
17.297,1,-7
17.307,1,-5
17.317,1,-4
17.328,1,-4
17.338,1,-4
17.346,1,-5
17.357,1,-6
17.367,1,-6
17.377,1,-7
17.387,1,-7
17.397,1,-6
17.407,1,-6
17.416,1,-6
17.427,1,-9
17.438,1,-12
17.447,1,-14
17.457,1,-15
17.467,1,-15
17.482,1,-12
17.493,1,-11
17.497,1,-6
17.507,1,-4
17.517,1,-9
17.529,1,-11
17.538,1,-11
17.547,1,-16
17.557,1,-16
17.568,1,-15
17.578,1,-17
17.588,1,-16
17.596,1,-16
17.608,1,-18
17.620,1,-17
17.634,1,-16
17.640,1,-16
17.647,1,-11
17.658,1,-9
17.668,1,-7
17.678,1,-7
17.688,1,-7
17.697,1,-7
17.707,1,-7
17.717,1,-7
17.728,1,-7
17.737,1,-9
17.747,1,-10
17.757,1,-10
17.768,1,-10
17.778,1,-11
17.788,1,-11
17.797,1,-11
17.809,1,-11
17.817,1,-11
17.828,1,-10
17.837,1,-7
17.848,1,-5
17.856,1,-5
17.866,1,-6
17.877,1,-10
17.887,1,-12
17.898,1,-13
17.907,1,-13
17.918,1,-12
17.928,1,-11
17.938,1,-10
17.947,1,-15
17.957,1,-16
17.967,1,-16
17.977,1,-17
17.987,1,-13
17.998,1,-11
18.008,1,-11
18.018,1,-9
18.027,1,-11
18.038,1,-14
18.047,1,-16
18.058,1,-18
18.069,1,-19
18.077,1,-17
18.088,1,-16
18.097,1,-14
18.107,1,-13
18.117,1,-13
18.128,1,-14
18.138,1,-14
18.147,1,-14
18.157,1,-14
18.167,1,-15
18.177,1,-15
18.187,1,-15
18.198,1,-16
18.208,1,-16
18.219,1,-16
18.228,1,-16
18.239,1,-14
18.247,1,-12
18.257,1,-10
18.267,1,-7
18.278,1,-8
18.288,1,-9
18.298,1,-8
18.308,1,-8
18.318,1,-8
18.329,1,-5
18.337,1,-4
18.347,1,-4
18.358,1,-3
18.368,1,-3
18.378,1,-4
18.387,1,-4
18.397,1,-4
18.409,1,-4
18.417,1,-3
18.428,1,-4
18.437,1,-4
18.448,1,-4
18.458,1,-5
18.468,1,-6
18.478,1,-5
18.487,1,-5
18.497,1,-4
18.507,1,-1
18.518,1,-3
18.528,1,-4
18.538,1,-3
18.548,1,-6
18.557,1,-8
18.567,1,-8
18.577,1,-11
18.587,1,-12
18.597,1,-10
18.607,1,-8
18.618,1,-4
18.626,1,-3
18.637,1,-4
18.648,1,-4
18.657,1,-4
18.667,1,-5
18.677,1,-5
18.687,1,-5
18.697,1,-5
18.708,1,-3
18.718,1,-4
18.728,1,-5
18.737,1,-6
18.747,1,-8
18.757,1,-8
18.767,1,-8
18.778,1,-8
18.786,1,-8
18.798,1,-9
18.806,1,-10
18.817,1,-11
18.827,1,-13
18.838,1,-13
18.847,1,-10
18.857,1,-9
18.867,1,-6
18.877,1,-4
18.887,1,-6
18.897,1,-8
18.907,1,-11
18.917,1,-15
18.927,1,-16
18.940,1,-18
18.954,1,-19
18.962,1,-18
18.967,1,-18
18.978,1,-18
18.987,1,-16
18.997,1,-16
19.007,1,-16
19.018,1,-14
19.027,1,-12
19.038,1,-12
19.048,1,-12
19.056,1,-13
19.066,1,-14
19.078,1,-15
19.087,1,-16
19.097,1,-18
19.107,1,-18
19.118,1,-20
19.128,1,-22
19.138,1,-23
19.148,1,-24
19.157,1,-23
19.167,1,-20
19.177,1,-19
19.187,1,-14
19.197,1,-13
19.208,1,-13
19.218,1,-13
19.228,1,-14
19.239,1,-15
19.247,1,-14
19.257,1,-13
19.267,1,-13
19.277,1,-11
19.290,1,-11
19.304,1,-15
19.309,1,-16
19.318,1,-18
19.328,1,-20
19.337,1,-20
19.347,1,-19
19.357,1,-19
19.370,1,-17
19.381,1,-17
19.389,1,-16
19.397,1,-14
19.408,1,-15
19.417,1,-14
19.427,1,-13
19.437,1,-15
19.447,1,-16
19.458,1,-16
19.468,1,-19
19.478,1,-20
19.488,1,-18
19.497,1,-15
19.507,1,-9
19.521,1,-7
19.535,1,-6
19.541,1,-7
19.547,1,-9
19.558,1,-11
19.568,1,-14
19.578,1,-14
19.587,1,-12
19.597,1,-11
19.607,1,-11
19.620,1,-11
19.634,1,-13
19.644,1,-19
19.650,1,-21
19.657,1,-25
19.667,1,-26
19.676,1,-23
19.688,1,-23
19.698,1,-20
19.708,1,-19
19.717,1,-19
19.728,1,-19
19.738,1,-19
19.747,1,-17
19.757,1,-14
19.767,1,-13
19.777,1,-12
19.787,1,-10
19.798,1,-10
19.807,1,-10
19.817,1,-10
19.826,1,-9
19.840,1,-9
19.852,1,-12
19.858,1,-14
19.867,1,-19
19.877,1,-20
19.888,1,-21
19.897,1,-21
19.908,1,-20
19.917,1,-17
19.926,1,-17
19.937,1,-18
19.947,1,-18
19.957,1,-18
19.968,1,-15
19.977,1,-13
19.987,1,-10
19.997,1,-8
20.008,1,-10
20.018,1,-15
20.027,1,-20
20.037,1,-23
20.047,1,-24
20.057,1,-21
20.067,1,-19
20.078,1,-16
20.088,1,-13
20.096,1,-15
20.108,1,-17
20.117,1,-19
20.127,1,-20
20.137,1,-18
20.147,1,-16
20.157,1,-13
20.168,1,-11
20.178,1,-12
20.188,1,-13
20.198,1,-14
20.207,1,-15
20.218,1,-15
20.227,1,-14
20.241,1,-14
20.251,1,-12
20.258,1,-12
20.268,1,-12
20.278,1,-13
20.287,1,-14
20.297,1,-14
20.307,1,-15
20.317,1,-15
20.327,1,-15
20.338,1,-14
20.346,1,-12
20.356,1,-12
20.367,1,-12
20.377,1,-12
20.388,1,-14
20.398,1,-14
20.408,1,-14
20.418,1,-17
20.427,1,-17
20.437,1,-18
20.448,1,-18
20.457,1,-17
20.467,1,-17
20.477,1,-17
20.487,1,-16
20.497,1,-17
20.508,1,-16
20.516,1,-13
20.528,1,-14
20.537,1,-11
20.547,1,-11
20.557,1,-13
20.567,1,-12
20.577,1,-13
20.587,1,-14
20.597,1,-12
20.608,1,-12
20.621,1,-11
20.632,1,-9
20.639,1,-10
20.647,1,-11
20.657,1,-10
20.667,1,-10
20.677,1,-9
20.686,1,-8
20.698,1,-9
20.708,1,-8
20.721,1,-10
20.734,1,-12
20.740,1,-12
20.747,1,-14
20.757,1,-16
20.766,1,-16
20.778,1,-16
20.789,1,-15
20.802,1,-15
20.809,1,-13
20.817,1,-11
20.827,1,-10
20.837,1,-8
20.848,1,-8
20.856,1,-9
20.870,1,-10
20.884,1,-14
20.889,1,-17
20.898,1,-16
20.908,1,-16
20.917,1,-15
20.927,1,-12
20.938,1,-13
20.946,1,-15
20.957,1,-15
20.967,1,-17
20.977,1,-19
20.989,1,-18
20.997,1,-18
21.008,1,-16
21.017,1,-14
21.028,1,-13
21.037,1,-13
21.046,1,-13
21.057,1,-14
21.067,1,-14
21.077,1,-14
21.087,1,-14
21.097,1,-14
21.107,1,-14
21.118,1,-14
21.127,1,-14
21.138,1,-14
21.149,1,-14
21.157,1,-14
21.167,1,-13
21.177,1,-13
21.188,1,-11
21.198,1,-9
21.208,1,-9
21.217,1,-6
21.227,1,-6
21.237,1,-6
21.247,1,-5
21.257,1,-7
21.267,1,-7
21.277,1,-7
21.288,1,-10
21.297,1,-10
21.307,1,-9
21.317,1,-9
21.329,1,-7
21.337,1,-6
21.347,1,-6
21.357,1,-3
21.368,1,-2
21.376,1,-2
21.391,1,-1
21.401,1,-3
21.409,1,-4
21.418,1,-4
21.427,1,-6
21.438,1,-8
21.448,1,-9
21.457,1,-10
21.466,1,-11
21.476,1,-11
21.487,1,-11
21.497,1,-9
21.507,1,-8
21.517,1,-6
21.528,1,-4
21.537,1,-4
21.547,1,-4
21.558,1,-3
21.568,1,-4
21.577,1,-4
21.587,1,-4
21.597,1,-4
21.607,1,-4
21.617,1,-3
21.628,1,-3
21.638,1,-1
21.646,1,-1
21.657,1,-2
21.667,1,-2
21.677,1,-3
21.688,1,-4
21.697,1,0
21.707,1,0
21.718,1,3
21.728,1,5
21.737,1,3
21.747,1,2
21.757,1,-3
21.767,1,-5
21.780,1,-5
21.792,1,-4
21.802,1,1
21.809,1,5
21.818,1,3
21.828,1,1
21.837,1,-2
21.847,1,-7
21.857,1,-9
21.870,1,-9
21.880,1,-9
21.888,1,-9
21.898,1,-9
21.907,1,-9
21.918,1,-9
21.927,1,-9
21.939,1,-9
21.947,1,-8
21.957,1,-3
21.968,1,2
21.977,1,5
21.988,1,6
21.997,1,6
22.008,1,1
22.017,1,-2
22.027,1,-2
22.038,1,-3
22.048,1,-3
22.057,1,-1
22.068,1,-1
22.077,1,-3
22.088,1,-4
22.097,1,-7
22.107,1,-8
22.117,1,-8
22.128,1,-6
22.138,1,-3
22.148,1,-1
22.158,1,-1
22.168,1,-2
22.177,1,-2
22.187,1,-3
22.197,1,-4
22.207,1,-3
22.217,1,-3
22.227,1,-4
22.237,1,-4
22.247,1,-5
22.256,1,-6
22.268,1,-5
22.278,1,-5
22.287,1,-5
22.297,1,-5
22.307,1,-7
22.317,1,-7
22.327,1,-7
22.338,1,-7
22.347,1,-6
22.357,1,-4
22.367,1,-3
22.378,1,-2
22.387,1,0
22.397,1,0
22.408,1,0
22.418,1,-1
22.427,1,-2
22.437,1,-2
22.447,1,-3
22.457,1,-3
22.469,1,-4
22.477,1,-5
22.487,1,-6
22.496,1,-6
22.508,1,-6
22.521,1,-6
22.533,1,-5
22.540,1,-2
22.547,1,-1
22.557,1,-1
22.568,1,-1
22.578,1,-1
22.586,1,-2
22.597,1,-1
22.607,1,1
22.617,1,2
22.627,1,3
22.638,1,4
22.648,1,4
22.658,1,3
22.666,1,3
22.678,1,3
22.687,1,2
22.697,1,2
22.707,1,2
22.717,1,4
22.728,1,5
22.738,1,6
22.746,1,5
22.758,1,5
22.768,1,5
22.777,1,5
22.787,1,8
22.797,1,10
22.807,1,10
22.817,1,10
22.828,1,11
22.838,1,11
22.847,1,11
22.858,1,13
22.867,1,14
22.877,1,14
22.887,1,14
22.897,1,12
22.907,1,9
22.918,1,8
22.928,1,7
22.940,1,6
22.952,1,9
22.963,1,9
22.968,1,8
22.977,1,10
22.990,1,9
22.999,1,10
23.007,1,12
23.018,1,14
23.028,1,20
23.037,1,21
23.047,1,18
23.057,1,17
23.067,1,13
23.077,1,13
23.088,1,14
23.097,1,14
23.108,1,17
23.116,1,19
23.127,1,16
23.137,1,15
23.147,1,15
23.158,1,15
23.168,1,16
23.178,1,17
23.188,1,19
23.198,1,21
23.207,1,22
23.217,1,23
23.227,1,24
23.238,1,24
23.247,1,23
23.258,1,23
23.267,1,23
23.276,1,25
23.287,1,25
23.297,1,25
23.307,1,24
23.317,1,23
23.327,1,23
23.337,1,23
23.348,1,26
23.358,1,28
23.367,1,28
23.377,1,28
23.387,1,27
23.397,1,25
23.407,1,24
23.418,1,23
23.428,1,23
23.437,1,24
23.448,1,24
23.458,1,26
23.467,1,28
23.477,1,28
23.487,1,28
23.497,1,29
23.507,1,28
23.517,1,28
23.527,1,29
23.538,1,29
23.546,1,29
23.557,1,28
23.567,1,27
23.577,1,24
23.587,1,20
23.597,1,19
23.607,1,20
23.617,1,22
23.627,1,26
23.638,1,29
23.647,1,30
23.657,1,31
23.667,1,31
23.678,1,32
23.688,1,32
23.697,1,32
23.708,1,32
23.718,1,32
23.727,1,30
23.738,1,27
23.747,1,23
23.763,1,20
23.771,1,20
23.777,1,20
23.788,1,19
23.808,1,20
23.827,1,23
23.837,1,24
23.847,1,26
23.857,1,26
23.867,1,26
23.878,1,26
23.887,1,26
23.897,1,26
23.907,1,26
23.917,1,26
23.928,1,25
23.937,1,25
23.948,1,24
23.957,1,23
23.968,1,24
23.976,1,24
23.987,1,24
23.999,1,26
24.007,1,25
24.017,1,25
24.028,1,25
24.037,1,25
24.048,1,25
24.058,1,24
24.067,1,23
24.077,1,20
24.087,1,17
24.097,1,16
24.108,1,16
24.118,1,15
24.128,1,17
24.138,1,19
24.148,1,20
24.157,1,23
24.167,1,25
24.177,1,25
24.189,1,25
24.197,1,24
24.214,1,24
24.223,1,24
24.230,1,24
24.238,1,21
24.247,1,19
24.257,1,15
24.287,1,14
24.297,1,16
24.308,1,16
24.318,1,17
24.327,1,17
24.339,1,17
24.347,1,18
24.357,1,20
24.368,1,25
24.377,1,28
24.386,1,28
24.396,1,28
24.408,1,25
24.417,1,21
24.427,1,19
24.438,1,18
24.447,1,17
24.458,1,20
24.467,1,19
24.477,1,19
24.487,1,19
24.498,1,18
24.507,1,18
24.517,1,22
24.527,1,25
24.538,1,28
24.547,1,31
24.558,1,31
24.568,1,30
24.578,1,27
24.587,1,26
24.597,1,23
24.609,1,23
24.617,1,23
24.627,1,22
24.638,1,22
24.646,1,20
24.658,1,19
24.667,1,18
24.678,1,18
24.687,1,21
24.697,1,24
24.708,1,28
24.718,1,32
24.728,1,32
24.738,1,32
24.746,1,30
24.757,1,25
24.767,1,24
24.777,1,25
24.789,1,24
24.797,1,24
24.808,1,22
24.817,1,15
24.826,1,13
24.837,1,12
24.847,1,11
24.857,1,14
24.867,1,19
24.877,1,21
24.888,1,24
24.898,1,24
24.908,1,22
24.918,1,22
24.927,1,22
24.938,1,21
24.947,1,21
24.957,1,19
24.968,1,16
24.977,1,14
24.987,1,8
24.996,1,5
25.007,1,6
25.017,1,5
25.027,1,6
25.038,1,10
25.048,1,10
25.058,1,13
25.068,1,14
25.077,1,14
25.088,1,15
25.097,1,16
25.107,1,16
25.117,1,16
25.129,1,16
25.137,1,16
25.147,1,17
25.164,1,18
25.172,1,18
25.178,1,18
25.187,1,18
25.197,1,17
25.207,1,16
25.217,1,13
25.227,1,12
25.238,1,12
25.248,1,12
25.257,1,11
25.271,1,12
25.284,1,13
25.290,1,13
25.298,1,16
25.308,1,17
25.317,1,18
25.327,1,23
25.338,1,24
25.346,1,24
25.361,1,24
25.372,1,21
25.378,1,20
25.387,1,20
25.399,1,20
25.407,1,20
25.417,1,20
25.427,1,20
25.437,1,19
25.447,1,19
25.457,1,19
25.467,1,18
25.477,1,20
25.488,1,23
25.497,1,26
25.506,1,27
25.516,1,27
25.527,1,25
25.539,1,22
25.547,1,20
25.557,1,17
25.567,1,17
25.578,1,17
25.588,1,17
25.598,1,17
25.608,1,18
25.618,1,18
25.627,1,18
25.637,1,18
25.647,1,18
25.657,1,19
25.668,1,19
25.678,1,20
25.687,1,21
25.698,1,20
25.707,1,18
25.717,1,14
25.728,1,10
25.738,1,9
25.747,1,9
25.758,1,9
25.766,1,11
25.777,1,12
25.787,1,12
25.797,1,12
25.807,1,9
25.817,1,7
25.826,1,7
25.837,1,7
25.847,1,8
25.856,1,11
25.877,1,12
25.908,1,12
25.918,1,11
25.927,1,10
25.938,1,10
25.947,1,11
25.957,1,11
25.967,1,11
25.977,1,9
25.987,1,8
25.997,1,8
26.007,1,8
26.018,1,8
26.026,1,8
26.038,1,9
26.048,1,9
26.057,1,8
26.067,1,10
26.077,1,12
26.088,1,16
26.098,1,19
26.108,1,19
26.118,1,19
26.127,1,14
26.137,1,10
26.148,1,7
26.157,1,5
26.167,1,5
26.177,1,8
26.187,1,8
26.198,1,8
26.208,1,8
26.218,1,5
26.227,1,3
26.237,1,6
26.247,1,9
26.258,1,14
26.268,1,18
26.277,1,19
26.286,1,19
26.300,1,17
26.313,1,16
26.320,1,17
26.328,1,18
26.338,1,19
26.348,1,20
26.358,1,18
26.368,1,14
26.378,1,9
26.392,1,6
26.402,1,5
26.409,1,5
26.417,1,7
26.427,1,7
26.437,1,7
26.447,1,4
26.457,1,2
26.467,1,1
26.478,1,1
26.488,1,1
26.497,1,2
26.507,1,3
26.517,1,3
26.527,1,3
26.538,1,2
26.548,1,2
26.557,1,2
26.568,1,1
26.577,1,0
26.589,1,-1
26.597,1,-2
26.607,1,-1
26.618,1,-1
26.627,1,1
26.638,1,3
26.647,1,3
26.661,1,4
26.673,1,5
26.680,1,3
26.688,1,2
26.698,1,2
26.707,1,1
26.718,1,0
26.727,1,1
26.737,1,-1
26.747,1,-1
26.757,1,-2
26.767,1,-3
26.777,1,-3
26.788,1,-2
26.798,1,-1
26.806,1,3
26.818,1,3
26.827,1,3
26.837,1,3
26.847,1,0
26.857,1,-2
26.867,1,-1
26.877,1,-2
26.886,1,-2
26.898,1,-1
26.907,1,-1
26.917,1,-2
26.927,1,-1
26.939,1,-3
26.947,1,-3
26.957,1,-4
26.967,1,-4
26.978,1,-1
26.987,1,-1
26.997,1,-1
27.007,1,0
27.018,1,-5
27.027,1,-7
27.038,1,-9
27.048,1,-11
27.058,1,-11
27.067,1,-8
27.077,1,-6
27.087,1,-2
27.097,1,-1
27.107,1,-3
27.117,1,-3
27.128,1,-5
27.138,1,-7
27.147,1,-7
27.157,1,-6
27.168,1,-7
27.177,1,-7
27.187,1,-11
27.197,1,-12
27.208,1,-13
27.218,1,-13
27.228,1,-12
27.238,1,-10
27.247,1,-10
27.258,1,-10
27.267,1,-14
27.278,1,-16
27.287,1,-17
27.297,1,-17
27.308,1,-16
27.318,1,-15
27.328,1,-16
27.338,1,-16
27.347,1,-18
27.358,1,-20
27.368,1,-20
27.378,1,-21
27.387,1,-22
27.398,1,-21
27.408,1,-20
27.418,1,-19
27.427,1,-19
27.438,1,-19
27.447,1,-19
27.458,1,-19
27.468,1,-19
27.478,1,-19
27.488,1,-20
27.496,1,-21
27.507,1,-24
27.517,1,-26
27.527,1,-27
27.538,1,-27
27.547,1,-27
27.558,1,-27
27.567,1,-27
27.577,1,-28
27.588,1,-29
27.597,1,-30
27.607,1,-30
27.617,1,-29
27.627,1,-28
27.637,1,-26
27.648,1,-25
27.657,1,-26
27.668,1,-27
27.677,1,-30
27.687,1,-30
27.698,1,-30
27.707,1,-29
27.718,1,-26
27.727,1,-24
27.737,1,-23
27.746,1,-23
27.758,1,-23
27.767,1,-23
27.777,1,-23
27.787,1,-24
27.798,1,-23
27.807,1,-23
27.818,1,-24
27.827,1,-26
27.838,1,-28
27.846,1,-30
27.857,1,-30
27.867,1,-30
27.877,1,-30
27.887,1,-28
27.898,1,-27
27.908,1,-26
27.918,1,-26
27.927,1,-25
27.938,1,-24
27.947,1,-24
27.957,1,-24
27.968,1,-23
27.977,1,-27
27.988,1,-28
27.998,1,-28
28.008,1,-29
28.018,1,-28
28.027,1,-26
28.037,1,-23
28.047,1,-20
28.058,1,-18
28.068,1,-17
28.078,1,-17
28.088,1,-19
28.097,1,-20
28.108,1,-20
28.117,1,-21
28.128,1,-19
28.138,1,-18
28.147,1,-19
28.157,1,-19
28.168,1,-19
28.177,1,-20
28.187,1,-18
28.197,1,-19
28.207,1,-20
28.218,1,-18
28.227,1,-19
28.237,1,-19
28.247,1,-16
28.258,1,-18
28.266,1,-17
28.281,1,-16
28.293,1,-17
28.305,1,-17
28.312,1,-17
28.318,1,-18
28.328,1,-17
28.338,1,-18
28.346,1,-18
28.358,1,-16
28.368,1,-16
28.377,1,-15
28.387,1,-14
28.397,1,-14
28.408,1,-13
28.420,1,-12
28.431,1,-12
28.443,1,-9
28.448,1,-9
28.458,1,-10
28.467,1,-12
28.477,1,-17
28.488,1,-16
28.498,1,-15
28.508,1,-16
28.518,1,-14
28.528,1,-14
28.538,1,-16
28.547,1,-15
28.557,1,-15
28.569,1,-17
28.578,1,-16
28.587,1,-15
28.597,1,-15
28.608,1,-12
28.618,1,-11
28.627,1,-12
28.638,1,-11
28.647,1,-11
28.657,1,-12
28.667,1,-12
28.678,1,-13
28.688,1,-14
28.698,1,-12
28.707,1,-12
28.717,1,-10
28.727,1,-8
28.739,1,-9
28.747,1,-9
28.758,1,-11
28.768,1,-15
28.777,1,-16
28.792,1,-17
28.803,1,-16
28.809,1,-9
28.818,1,-7
28.827,1,-5
28.838,1,-3
28.848,1,-6
28.858,1,-8
28.868,1,-6
28.878,1,-4
28.887,1,2
28.897,1,5
28.907,1,6
28.917,1,5
28.928,1,1
28.937,1,-3
28.947,1,-4
28.958,1,-4
28.967,1,-4
28.977,1,-2
28.987,1,-1
28.997,1,0
29.008,1,-2
29.018,1,-2
29.028,1,-2
29.038,1,-2
29.047,1,1
29.061,1,3
29.074,1,4
29.080,1,5
29.087,1,4
29.098,1,4
29.108,1,4
29.118,1,2
29.127,1,2
29.137,1,3
29.149,1,2
29.157,1,2
29.167,1,1
29.178,1,1
29.187,1,1
29.197,1,2
29.208,1,2
29.218,1,7
29.228,1,8
29.238,1,10
29.249,1,11
29.257,1,10
29.269,1,8
29.278,1,7
29.288,1,6
29.298,1,4
29.307,1,3
29.318,1,3
29.327,1,2
29.339,1,2
29.348,1,2
29.357,1,4
29.367,1,7
29.377,1,11
29.387,1,16
29.396,1,17
29.407,1,17
29.417,1,16
29.427,1,12
29.437,1,10
29.447,1,10
29.458,1,9
29.467,1,9
29.477,1,9
29.487,1,9
29.497,1,6
29.507,1,3
29.517,1,3
29.527,1,2
29.538,1,3
29.548,1,6
29.558,1,9
29.568,1,11
29.581,1,11
29.593,1,11
29.604,1,11
29.610,1,11
29.618,1,13
29.628,1,15
29.638,1,16
29.648,1,17
29.658,1,15
29.667,1,12
29.677,1,9
29.687,1,8
29.698,1,8
29.708,1,8
29.718,1,9
29.728,1,9
29.738,1,9
29.748,1,7
29.757,1,6
29.768,1,6
29.777,1,6
29.787,1,9
29.797,1,12
29.808,1,13
29.818,1,15
29.827,1,13
29.837,1,11
29.847,1,11
29.857,1,10
29.868,1,11
29.877,1,12
29.888,1,12
29.898,1,10
29.907,1,9
29.918,1,7
29.927,1,7
29.937,1,9
29.947,1,9
29.958,1,11
29.968,1,12
29.977,1,12
29.988,1,12
29.998,1,12
30.007,1,11
30.017,1,13
30.027,1,13
30.038,1,13
30.047,1,18
30.057,1,17
30.067,1,15
30.077,1,16
30.087,1,14
30.097,1,12
30.109,1,13
30.118,1,13
30.127,1,15
30.138,1,14
30.147,1,14
30.157,1,15
30.167,1,14
30.177,1,16
30.187,1,17
30.198,1,18
30.208,1,21
30.217,1,20
30.227,1,20
30.238,1,20
30.248,1,19
30.258,1,18
30.267,1,18
30.278,1,15
30.287,1,14
30.298,1,13
30.307,1,13
30.318,1,14
30.328,1,18
30.338,1,22
30.347,1,27
30.358,1,31
30.368,1,31
30.377,1,31
30.387,1,29
30.398,1,25
30.408,1,24
30.417,1,23
30.427,1,22
30.441,1,23
30.453,1,23
30.459,1,24
30.467,1,24
30.477,1,24
30.488,1,24
30.498,1,24
30.508,1,24
30.520,1,25
30.532,1,26
30.538,1,25
30.547,1,25
30.557,1,25
30.567,1,26
30.577,1,26
30.587,1,27
30.601,1,27
30.612,1,25
30.619,1,20
30.628,1,19
30.638,1,17
30.647,1,17
30.658,1,21
30.667,1,25
30.677,1,31
30.688,1,34
30.697,1,31
30.707,1,31
30.717,1,28
30.727,1,24
30.737,1,26
30.748,1,29
30.757,1,32
30.766,1,38
30.778,1,38
30.787,1,38
30.797,1,37
30.807,1,31
30.818,1,29
30.827,1,30
30.838,1,30
30.847,1,32
30.858,1,33
30.868,1,33
30.877,1,34
30.887,1,32
30.897,1,31
30.908,1,32
30.917,1,30
30.927,1,34
30.938,1,36
30.947,1,36
30.959,1,37
30.967,1,38
30.978,1,35
30.987,1,36
30.997,1,37
31.007,1,37
31.017,1,39
31.026,1,36
31.037,1,33
31.047,1,32
31.057,1,30
31.068,1,32
31.077,1,37
31.087,1,37
31.098,1,39
31.108,1,38
31.137,1,30
31.147,1,30
31.157,1,35
31.167,1,38
31.188,1,39
31.197,1,36
31.208,1,32
31.218,1,30
31.227,1,29
31.237,1,31
31.248,1,34
31.258,1,37
31.267,1,38
31.278,1,33
31.287,1,31
31.301,1,28
31.314,1,27
31.323,1,28
31.328,1,33
31.337,1,35
31.347,1,36
31.357,1,36
31.366,1,36
31.378,1,37
31.387,1,39
31.397,1,45
31.408,1,49
31.418,1,49
31.428,1,50
31.437,1,48
31.446,1,43
31.456,1,40
31.467,1,39
31.477,1,39
31.489,1,38
31.497,1,38
31.508,1,37
31.518,1,35
31.528,1,33
31.538,1,32
31.547,1,32
31.557,1,37
31.567,1,40
31.577,1,41
31.587,1,41
31.597,1,40
31.607,1,37
31.618,1,38
31.626,1,39
31.637,1,44
31.647,1,49
31.657,1,49
31.667,1,50
31.677,1,49
31.688,1,44
31.698,1,43
31.708,1,42
31.718,1,41
31.728,1,42
31.737,1,41
31.747,1,41
31.758,1,41
31.769,1,41
31.777,1,41
31.787,1,44
31.797,1,44
31.808,1,47
31.818,1,48
31.829,1,46
31.838,1,46
31.849,1,46
31.858,1,46
31.867,1,49
31.877,1,49
31.887,1,50
31.898,1,51
31.907,1,47
31.917,1,47
31.927,1,48
31.940,1,48
31.948,1,50
31.958,1,52
31.968,1,52
31.978,1,51
31.987,1,49
31.997,1,45
32.018,1,43
32.028,1,45
32.138,1,42
32.146,1,43
32.157,1,42
32.169,1,42
32.177,1,44
32.187,1,46
32.197,1,51
32.208,1,54
32.218,1,54
32.227,1,55
32.238,1,53
32.247,1,52
32.262,1,52
32.273,1,50
32.279,1,51
32.288,1,52
32.298,1,48
32.308,1,48
32.316,1,47
32.328,1,45
32.337,1,46
32.347,1,47
32.357,1,47
32.367,1,48
32.377,1,47
32.388,1,48
32.398,1,49
32.408,1,48
32.418,1,48
32.427,1,49
32.438,1,46
32.448,1,46
32.458,1,47
32.468,1,45
32.478,1,46
32.488,1,45
32.498,1,44
32.508,1,44
32.517,1,42
32.528,1,42
32.537,1,42
32.547,1,41
32.557,1,43
32.568,1,44
32.578,1,44
32.587,1,45
32.598,1,44
32.607,1,43
32.617,1,44
32.627,1,44
32.637,1,44
32.648,1,46
32.657,1,46
32.687,1,43
32.697,1,42
32.709,1,43
32.718,1,43
32.728,1,44
32.738,1,49
32.758,1,54
32.777,1,52
32.798,1,48
32.808,1,43
32.817,1,44
32.828,1,44
32.839,1,45
32.847,1,48
32.857,1,48
32.867,1,49
32.877,1,50
32.887,1,46
32.897,1,46
32.907,1,49
32.918,1,47
32.927,1,50
32.997,1,52
33.008,1,53
33.029,1,54
33.037,1,55
33.057,1,52
33.068,1,52
33.088,1,46
33.098,1,46
33.107,1,45
33.128,1,48
33.138,1,50
33.147,1,52
33.158,1,56
33.178,1,58
33.187,1,58
33.197,1,56
33.207,1,54
33.217,1,53
33.228,1,50
33.238,1,48
33.247,1,46
33.258,1,46
33.267,1,46
33.278,1,48
33.289,1,50
33.298,1,50
33.307,1,47
33.317,1,45
33.328,1,41
33.348,1,45
33.358,1,50
33.367,1,56
33.377,1,59
33.387,1,58
33.397,1,51
33.407,1,44
33.417,1,37
33.428,1,35
33.438,1,38
33.447,1,41
33.457,1,46
33.468,1,48
33.478,1,46
33.487,1,42
33.498,1,38
33.507,1,35
33.518,1,38
33.528,1,41
33.538,1,45
33.547,1,48
33.557,1,49
33.567,1,45
33.578,1,42
33.588,1,41
33.597,1,41
33.608,1,42
33.618,1,44
33.627,1,46
33.637,1,44
33.647,1,41
33.658,1,39
33.668,1,36
33.677,1,35
33.688,1,37
33.698,1,38
33.707,1,39
33.718,1,40
33.727,1,40
33.738,1,40
33.747,1,41
33.757,1,43
33.767,1,44
33.778,1,44
33.788,1,44
33.798,1,41
33.807,1,37
33.818,1,36
33.827,1,35
33.837,1,36
33.847,1,39
33.857,1,39
33.868,1,40
33.878,1,40
33.889,1,37
33.897,1,36
33.907,1,36
33.918,1,38
33.938,1,41
33.948,1,42
33.958,1,40
33.967,1,40
33.977,1,40
33.988,1,38
34.108,1,23
34.118,1,20
34.127,1,20
34.137,1,22
34.147,1,27
34.157,1,30
34.168,1,31
34.188,1,25
34.198,1,23
34.208,1,22
34.218,1,24
34.227,1,27
34.238,1,28
34.247,1,28
34.258,1,25
34.268,1,21
34.278,1,19
34.288,1,18
34.298,1,17
34.308,1,17
34.317,1,17
34.327,1,17
34.338,1,16
34.347,1,17
34.358,1,17
34.367,1,17
34.378,1,18
34.388,1,20
34.398,1,20
34.407,1,20
34.418,1,20
34.428,1,19
34.438,1,18
34.448,1,17
34.457,1,18
34.467,1,19
34.477,1,19
34.487,1,19
34.498,1,15
34.509,1,12
34.517,1,9
34.528,1,6
34.548,1,7
34.558,1,7
34.567,1,8
34.577,1,8
34.588,1,4
34.600,1,5
34.612,1,6
34.623,1,7
34.627,1,12
37.627,1,-11
37.638,1,-11
37.648,1,-8
37.658,1,-1
37.677,1,5
38.128,1,9
38.137,1,9
38.148,1,8
38.157,1,7
38.168,1,6
38.180,1,6
38.194,1,6
38.199,1,9
38.208,1,13
38.217,1,16
38.227,1,17
38.238,1,18
38.248,1,17
38.258,1,14
38.270,1,13
38.284,1,12
38.292,1,11
38.298,1,12
38.308,1,12
38.318,1,12
38.328,1,13
38.338,1,12
38.348,1,14
38.358,1,15
38.367,1,15
38.377,1,17
38.388,1,15
38.398,1,13
38.408,1,12
38.418,1,7
38.426,1,6
38.437,1,7
38.447,1,6
38.458,1,8
38.467,1,10
38.478,1,10
38.487,1,12
38.497,1,12
38.508,1,9
38.528,1,7
38.549,1,8
38.743,1,3
38.748,1,-2
38.757,1,-9
38.769,1,-10
38.777,1,-10
38.787,1,-5
38.797,1,1
38.807,1,2
38.820,1,0
38.832,1,-2
38.840,1,-9
38.848,1,-11
38.858,1,-11
38.867,1,-11
38.877,1,-11
38.897,1,-13
38.908,1,-14
38.917,1,-14
38.928,1,-15
38.948,1,-6
38.958,1,-3
38.967,1,-2
38.977,1,-4
38.988,1,-9
38.997,1,-12
39.007,1,-14
39.018,1,-15
39.028,1,-14
39.042,1,-12
39.052,1,-14
39.059,1,-15
39.069,1,-18
39.078,1,-21
39.087,1,-21
39.097,1,-20
39.108,1,-15
39.118,1,-8
39.128,1,-4
39.139,1,-3
39.147,1,-2
39.158,1,-2
39.223,1,-3
39.427,1,4
39.448,1,10
40.519,1,23
40.539,1,19
40.867,1,30
40.898,1,31
40.908,1,30
40.918,1,30
40.928,1,32
40.936,1,32
40.947,1,33
40.958,1,33
40.967,1,30
40.977,1,28
40.987,1,28
40.997,1,27
41.008,1,26
41.027,1,21
41.038,1,20
41.047,1,20
41.057,1,20
41.070,1,22
41.082,1,23
41.095,1,24
41.101,1,26
41.109,1,27
41.119,1,27
41.127,1,27
41.138,1,27
41.148,1,28
41.158,1,28
41.169,1,30
41.178,1,34
41.187,1,36
41.201,1,37
41.215,1,37
41.220,1,34
41.228,1,33
41.238,1,32
41.248,1,32
41.258,1,34
41.268,1,40
41.277,1,45
41.287,1,50
41.301,1,51
41.312,1,51
41.321,1,51
41.327,1,50
41.338,1,52
41.346,1,56
41.358,1,61
41.367,1,68
41.376,1,72
41.387,1,72
41.397,1,71
41.407,1,69
41.417,1,66
41.446,1,65
41.457,1,65
41.577,1,42
41.598,1,42
41.608,1,43
41.616,1,44
41.627,1,44
41.636,1,46
41.647,1,47
41.656,1,48
41.668,1,50
41.677,1,52
41.687,1,54
41.697,1,54
41.707,1,54
41.717,1,53
41.726,1,52
41.736,1,52
43.776,1,57
44.817,1,56
44.827,1,56
44.968,1,53
44.987,1,44
45.017,1,47
45.037,1,48
45.097,1,52
46.187,1,35
46.277,1,31
46.347,1,34
48.987,1,-87
67.078,1,575
