T[s],ecef_x[m],ecef_y[m],ecef_z[m],ecef_vx[m/s],ecef_vy[m/s],ecef_vz[m/s],lon[deg],lat[deg],alt[m],azimuth[deg],back_azimuth[deg],distance_2d[m],elevation[deg],distance_3d[m],East[m],North[m]
-20.8,-3783428,2804038,4287269,0,0,0,143.45649202367917,42.506201753962614,68.639240430668,0.28271318800208955,-179.71728656627093,6.057876561052134,84.95632886819114,68.90604614493559,0.029891113447174558,6.057802815401119
-20.7,-3783428,2804037,4287258,0,0,0,143.45650179844174,42.50613237477729,60.76791933272034,153.19193073447835,-26.80806241528876,1.8476329449043405,88.25847309088147,60.796001246193015,0.8332884514404605,-1.6490536242923834
-20.3,-3783426,2804038,4287262,0,0,0,143.45647753480216,42.50616507227723,62.72500478196889,-30.346088234613923,149.65390222142182,2.297927067347508,87.90191059188203,62.76708288350566,-1.1609632364452434,1.98308677835109
-20.2,-3783425,2804038,4287254,0,0,0,143.45647029036,42.50611686735461,56.72737703938037,-152.4837756225938,27.516209938600525,3.801716341021795,86.1659240151938,56.85462472750666,-1.7563920695179103,-3.371666358898332
-20.2,-3783425,2804038,4287254,0,0,0,143.45647029036,42.50611686735461,56.72737703938037,-152.4837756225938,27.516209938600525,3.801716341021795,86.1659240151938,56.85462472750666,-1.7563920695179103,-3.371666358898332
-19.89,-3783426,2804038,4287259,0,0,0,143.45647753480216,42.506145162926515,60.69799656141549,-101.134879568572,78.86511088746555,1.183237721897754,88.88322603900008,60.70952839609388,-1.1609636052895713,-0.22850604743600736
-19.8,-3783429,2804038,4287260,0,0,0,143.456499268114,42.506137139256325,63.15048794262111,150.8201618494908,-29.17983300994061,1.2825661753194209,88.8365010338629,63.16351085385618,0.6253182885245017,-1.11980044298539
-19.4,-3783428,2804037,4287267,0,0,0,143.45650179844174,42.50619210280287,66.8489448223263,9.488417646641233,-170.51157550312195,5.054877965804956,85.67572751359359,67.03978829849933,0.8332876585201989,4.985721906337975
-19.3,-3783430,2804037,4287259,0,0,0,143.45651628730735,42.506129237814626,62.6281370408833,134.62067565841818,-45.379307701669006,2.8438050876421235,87.4001113590675,62.69266924121319,2.024142603317625,-1.997516983140262
-18.9,-3783428,2804036,4287265,0,0,0,143.45651157320674,42.50618245163685,65.05864949617535,22.694684586764286,-157.30530195848863,4.242088847436293,86.26936292555432,65.19680354170548,1.6366846512044324,3.913640395086805
-18.8,-3783430,2804036,4287259,0,0,0,143.45652606207085,42.506132859530275,62.18918111268431,119.430265366355,-60.569711389224864,3.2464844652246603,87.01168017127561,62.273862164227424,2.8275398624883663,-1.595205224723239
-18.5,-3783427,2804036,4287265,0,0,0,143.45650432877096,42.506187338347175,64.46637570858002,13.151267593312808,-166.84872384678425,4.5765002324422195,85.93935624140015,64.62861557682741,1.0412577758842907,4.456471319519984
-18.3,-3783430,2804035,4287259,0,0,0,143.45653583683682,42.506136481245576,61.750225310213864,108.18721099828133,-71.81275915278907,3.8218712546577573,86.45834290153383,61.868384702926875,3.6309372328631633,-1.1928934144286552
-18.0,-3783426,2804036,4287260,0,0,0,143.45649708433274,42.506159042820244,60.495753665454686,18.750797627473105,-161.24919870747135,1.3869259798723428,88.68666670957836,60.51164991326066,0.4458310283938583,1.3133157913335745
-17.9,-3783431,2804035,4287260,0,0,0,143.4565430812644,42.50613823098726,63.01816896721721,103.29301875468587,-76.70694650154708,4.342718582530256,86.05785605721695,63.16762481420203,4.226363672461719,-0.9985263116961354
-17.4,-3783431,2804038,4287259,0,0,0,143.45651375697616,42.50612072939281,63.659367486834526,148.3176334825787,-31.682351587176527,3.4579943406132645,86.8907332678376,63.75321790845979,1.8161724419699277,-2.9426590901329965
-17.1,-3783425,2804037,4287260,0,0,0,143.45648006512477,42.506160307808834,60.34243585448712,-33.24498093001887,146.75501123567884,1.73834186617978,88.34988243235863,60.36746969433626,-0.9529937245748793,1.4538347239745992
-17.0,-3783431,2804037,4287258,0,0,0,143.45652353173645,42.50611771465482,62.54474250134081,141.36649196843078,-38.633486496821234,4.195765671595885,86.16210727196092,62.68531936689778,2.619569834962354,-3.277545339228395
-16.6,-3783427,2804037,4287260,0,0,0,143.45649455400522,42.50615053439035,61.52698367089033,32.864810275893014,-147.13518776871643,0.43832535081576623,89.59182514246335,61.528544991338556,0.23786105308726213,0.36817282978512034
-16.5,-3783431,2804036,4287257,0,0,0,143.4565333064992,42.50611469991494,61.430117637850344,136.54260978460857,-43.457362076138935,4.976582097875589,85.36846378754078,61.63136962924828,3.4229675082433397,-3.612431703770492
-16.1,-3783426,2804036,4287258,0,0,0,143.45649708433274,42.506145769915236,59.144414922222495,109.86491782997345,-70.13507850497149,0.47403811099952436,89.5407883980065,59.14631458191368,0.4458311202293275,-0.16107992710161095
-16.0,-3783429,2804036,4287257,0,0,0,143.45651881764002,42.50612447333187,60.24556854739785,138.5430767405788,-41.4569049098414,3.371483222301065,86.79693486726329,60.339832852912934,2.2321133020489166,-2.526770532730239
-15.7,-3783425,2804036,4287259,0,0,0,143.45648983989201,42.50615729307911,59.22781029064208,-7.614927097519934,172.38507167268884,1.1289048275088356,88.90805264304008,59.238567993612584,-0.14959639894819357,1.1189490725651845
-15.6,-3783428,2804034,4287255,0,0,0,143.45653112274417,42.50612333056275,57.42404416296631,129.2889249616841,-50.71104837455701,4.190747642559091,85.82601260643847,57.57675932035355,3.2434820469205112,-2.6537124966580143
-15.2,-3783426,2804035,4287261,0,0,0,143.45650685910172,42.50616930099121,60.732467295601964,26.98982325766,-153.01016647277135,2.7526213918856888,87.40491808671247,60.79481481457468,1.249228315867989,2.4528255424918286
-15.1,-3783428,2804035,4287254,0,0,0,143.45652134797422,42.506113072386725,57.18733119405806,147.24784847357864,-32.75213146717496,4.510271934927774,85.4905094723173,57.36491438175327,2.44008441759632,-3.7932230308803034
-14.8,-3783425,2804038,4287261,0,0,0,143.45647029036,42.506163322536665,61.45706153754145,-44.47750807194719,135.52247748924074,2.5068762830834586,87.66416025018128,61.50816890078783,-1.7563907698121586,1.7887202582866304
-14.6,-3783428,2804037,4287255,0,0,0,143.45650179844174,42.50611246540993,58.74091237131506,167.8200351523313,-12.1799579974371,3.94955380554101,86.1534019602893,58.87354041908282,0.8332887159418478,-3.860648284776465
-14.6,-3783428,2804037,4287255,0,0,0,143.45650179844174,42.50611246540993,58.74091237131506,167.8200351523313,-12.1799579974371,3.94955380554101,86.1534019602893,58.87354041908282,0.8332887159418478,-3.860648284776465
-14.3,-3783426,2804038,4287262,0,0,0,143.45647753480216,42.50616507227723,62.72500478196889,-30.346088234613923,149.65390222142182,2.297927067347508,87.90191059188203,62.76708288350566,-1.1609632364452434,1.98308677835109
-14.2,-3783428,2804037,4287255,0,0,0,143.45650179844174,42.50611246540993,58.74091237131506,167.8200351523313,-12.1799579974371,3.94955380554101,86.1534019602893,58.87354041908282,0.8332887159418478,-3.860648284776465
-13.8,-3783425,2804038,4287261,0,0,0,143.45647029036,42.506163322536665,61.45706153754145,-44.47750807194719,135.52247748924074,2.5068762830834586,87.66416025018128,61.50816890078783,-1.7563907698121586,1.7887202582866304
-13.4,-3783425,2804038,4287262,0,0,0,143.45647029036,42.50616995898559,62.132731094025075,-34.812723964894786,145.18726159629225,3.0765513501668655,87.16526936610524,62.20885340056224,-1.7563905839067615,2.525917719755976
-13.2,-3783427,2804035,4287255,0,0,0,143.4565141035392,42.50612459555617,57.270725646056235,143.72173698987962,-36.27824784571311,3.1175150876702964,86.8841962024749,57.35551339102192,1.8446566892621947,-2.5131935899592324
-12.9,-3783426,2804038,4287265,0,0,0,143.45647753480216,42.50618498161519,64.75201377272606,-15.470514508893919,164.52947594714004,4.352374055094476,86.15458872133989,64.89812360568497,-1.160962867711466,4.194678192097065
-12.8,-3783426,2804036,4287256,0,0,0,143.45649708433274,42.50613249700457,57.793076518923044,164.75165630566698,-15.248340029278381,1.6951543018863962,88.31991383764736,57.81793183459002,0.4458312165778402,-1.6354762711603852
-12.4,-3783426,2804039,4287261,0,0,0,143.45646776004062,42.5061548141068,62.48829154111445,-66.75931909039582,113.24066476113404,2.1378340425789744,88.04057512757699,62.52485037263924,-1.9643603599163384,0.8435773645605442
-12.3,-3783429,2804038,4287257,0,0,0,143.456499268114,42.50611722989795,61.12348079960793,169.36901243424478,-10.630982425187597,3.3895737079215627,86.82594061931326,61.21739225891179,0.6253184876376062,-3.3313941091458616
-11.9,-3783431,2804037,4287257,0,0,0,143.45652353173645,42.506111078200746,61.8690736182034,146.87605171247236,-33.12392675278102,4.7937784552013065,85.56942464837567,62.05451298859918,2.619570112081285,-4.0147433673203405
-11.5,-3783428,2804037,4287269,0,0,0,143.45650179844174,42.50620537568185,68.20028475951403,7.349974069112818,-172.6500190806495,6.5136357409207255,84.54437381154352,68.51062904282956,0.8332874821452789,6.460114746465411
-11.4,-3783427,2804036,4287252,0,0,0,143.45650432877096,42.50610106445667,55.68267523963004,168.51997620088315,-11.480015239220933,5.231767654546211,84.6324279410698,55.92791534317424,1.0412592074972054,-5.127101720656442
-11.0,-3783427,2804039,4287267,0,0,0,143.45647500448112,42.506189746070966,67.13458293769509,-16.160889725832217,163.83909902054035,4.91828009082525,85.80999598707754,67.31449847744591,-1.368932153255655,4.723928853358278
-10.9,-3783426,2804037,4287254,0,0,0,143.45648730956623,42.506115602367785,56.880694781430066,-174.1868932939345,5.8131037666118175,3.530339797732882,86.4484533690558,56.9901459719631,-0.35756650765789055,-3.512185257081122
-10.6,-3783426,2804038,4287265,0,0,0,143.45647753480216,42.50618498161519,64.75201377272606,-15.470514508893919,164.52947594714004,4.352374055094476,86.15458872133989,64.89812360568497,-1.160962867711466,4.194678192097065
-10.5,-3783427,2804036,4287255,0,0,0,143.45650432877096,42.50612097383728,57.7096817586571,160.34605604603408,-19.653935394068412,3.095867071969188,86.9292803645781,57.79266183186913,1.041258877497764,-2.915505595490287
-10.1,-3783425,2804039,4287263,0,0,0,143.45646051559766,42.50617297371005,63.247356929816306,-41.82152072195699,138.17845823472112,3.8388415580815223,86.52665454788706,63.363750387075704,-2.559787266073892,2.8608029747781862
-10.0,-3783424,2804036,4287251,0,0,0,143.45648259544885,42.50610908812339,53.23018318042159,-170.02443654617667,9.975557329186557,4.300828943147083,85.38071815643309,53.40364716964048,-0.7450246118853096,-4.235807824476554
-9.6,-3783426,2804037,4287265,0,0,0,143.45648730956623,42.50618860333673,64.31305783521384,-4.447662437651031,175.55233462289323,4.610875490229093,85.89923936358403,64.47813257920825,-0.35756609172982406,4.596990241064303
-9.5,-3783427,2804038,4287250,0,0,0,143.45648477924192,42.506080548091084,55.209251053631306,-175.63332889551802,4.366666455367891,7.427684683777874,82.33760932556656,55.70665940140835,-0.5655367116318635,-7.406123681753163
-9.2,-3783426,2804037,4287268,0,0,0,143.45648730956623,42.50620851266215,66.34006773587316,-3.006238763645514,176.9937582968982,6.81796294750092,84.1321464510544,66.6894984683026,-0.3575659782592034,6.808580272324545
-9.1,-3783427,2804040,4287250,0,0,0,143.45646522972277,42.50607330465163,56.08716462831944,-165.18069802324808,14.819284118637398,8.493256032686787,81.38914448506974,56.72658489703905,-2.172332409367108,-8.210747221780963
-8.7,-3783426,2804037,4287269,0,0,0,143.45648730956623,42.506215149101116,67.01573787070811,-2.7130018114793346,177.28699524906418,7.5542437373327385,83.56857206693363,67.44016400334812,-0.3575659404322972,7.545776636057661
-8.3,-3783425,2804038,4287269,0,0,0,143.45647029036,42.506216414088314,66.86242037452757,-12.871613323692577,167.12837223748807,7.884417733495568,83.27473784781729,67.32568084569438,-1.7563892837012434,7.6862955759168425
-8.2,-3783425,2804038,4287269,0,0,0,143.45647029036,42.506216414088314,66.86242037452757,-12.871613323692577,167.12837223748807,7.884417733495568,83.27473784781729,67.32568084569438,-1.7563892837012434,7.6862955759168425
-8.1,-3783427,2804040,4287253,0,0,0,143.45646522972277,42.5060932140399,58.11417007446289,-160.09434562891238,19.90563651296975,6.3803470790540535,83.7345975030284,58.463369662488596,-2.1723317200452423,-5.999150252100615
-8.1,-3783427,2804040,4287253,0,0,0,143.45646522972277,42.5060932140399,58.11417007446289,-160.09434562891238,19.90563651296975,6.3803470790540535,83.7345975030284,58.463369662488596,-2.1723317200452423,-5.999150252100615
-7.8,-3783425,2804039,4287266,0,0,0,143.45646051559766,42.50619288304384,65.2743662269786,-26.777820518606212,153.22215843806794,5.68169753480065,85.02532346787297,65.5211765249273,-2.55978645433922,5.072393930398271
-7.7,-3783426,2804039,4287251,0,0,0,143.45646776004062,42.506088449541366,55.731601778417826,-163.2537393634069,16.746244488133158,6.817536247564977,83.02577104074766,56.147041215677675,-1.964362437404995,-6.528405678370077
-7.3,-3783426,2804037,4287267,0,0,0,143.45648730956623,42.50620187622176,65.66439768113196,-3.370465031188963,176.62953202935492,6.081903824110669,84.7083035854954,65.94545228407779,-0.35756601611799493,6.071383752477641
-7.2,-3783425,2804038,4287249,0,0,0,143.45647029036,42.506083685039215,53.34903353173286,-166.02506943237188,13.974916128827033,7.272929409782854,82.23687821007343,53.84250069387232,-1.7563929991958045,-7.057661498829505
-6.89,-3783426,2804039,4287269,0,0,0,143.45646776004062,42.50620790565714,67.89364949986339,-16.246019675596845,163.75396417592486,7.0215270781772094,84.09549034151662,68.2557652137889,-1.9643586977290248,6.741152528776671
-6.7,-3783427,2804037,4287249,0,0,0,143.45649455400522,42.5060775333445,54.094626005738974,178.24000208542566,-1.7599959591851757,7.744664726824352,81.85239679146024,54.64621116263861,0.23786132924752418,-7.7410111561065404
-6.4,-3783427,2804037,4287266,0,0,0,143.45649455400522,42.50619035307037,65.58100129663944,2.8420443432743276,-177.15795370133438,4.797256634048002,85.81625983791903,65.7562270989048,0.23786090162566204,4.791356113293541
-6.3,-3783427,2804037,4287250,0,0,0,143.45649455400522,42.506084169810315,54.77029445767403,178.0548859502787,-1.9451120943319893,7.007849751155939,82.70863201856586,55.216801003997816,0.2378613041213176,-7.003811828909888
-5.9,-3783427,2804036,4287267,0,0,0,143.45650432877096,42.50620061123215,65.81771552283317,9.957702083083618,-170.04228935701235,6.021575780675663,84.77263711992072,66.09259452863849,1.0412575558407873,5.930864826045539
-5.8,-3783426,2804038,4287253,0,0,0,143.45647753480216,42.50610534418685,56.643982423469424,-165.98647617254824,14.013514283492952,4.7943834991396805,85.16197923993857,56.84652019189157,-1.1609643411924984,-4.65169592033941
-5.5,-3783427,2804037,4287269,0,0,0,143.45649455400522,42.506210262391264,67.60801126342267,1.9453505476585466,-178.0546474969498,7.006984046280144,84.08291516765846,67.97014795055188,0.23786082609361875,7.002945641102358
-5.3,-3783428,2804037,4287254,0,0,0,143.45650179844174,42.50610582895131,58.06524355523288,169.72752515615548,-10.272467993613333,4.672747114358884,85.39908965421722,58.25295764785908,0.8332888041967026,-4.597846818191066
-5.0,-3783427,2804037,4287263,0,0,0,143.45649455400522,42.506170443736735,63.55399209912866,5.267923675880347,-174.73207436872872,2.5907076652458145,87.66569379224795,63.606773836934,0.2378609770878516,2.5797651758139213
-4.9,-3783428,2804036,4287259,0,0,0,143.45651157320674,42.50614263294846,61.0046324795112,107.29275533610513,-72.7072312091529,1.7141688785251368,88.3904696776767,61.02871093923201,1.636685690396283,-0.5095438106347361
-4.5,-3783426,2804037,4287263,0,0,0,143.45648730956623,42.506175330446034,62.96171832922846,-6.532444490695507,173.46755256984912,3.1430017498155163,87.14220989608275,63.04011766302825,-0.3575661674117205,3.122596105048793
-4.4,-3783429,2804038,4287256,0,0,0,143.456499268114,42.50611059344233,60.44781192205846,171.26234963746566,-8.737645221967028,4.116365712369656,86.10429534435305,60.587807625317865,0.6253185536409671,-4.068592309932873
-4.1,-3783425,2804035,4287262,0,0,0,143.45649961466177,42.50618082415247,60.81586311664432,9.934458023936962,-170.06553660134054,3.7896775645167637,86.43428329451486,60.93382363404927,0.6538009329161287,3.732854187229888
-4.0,-3783428,2804037,4287255,0,0,0,143.45650179844174,42.50611246540993,58.74091237131506,167.8200351523313,-12.1799579974371,3.94955380554101,86.1534019602893,58.87354041908282,0.8332887159418478,-3.860648284776465
-3.6,-3783425,2804036,4287262,0,0,0,143.45648983989201,42.506177202430514,61.25481898058206,-2.571798359644574,177.42820041056396,3.333899958055708,86.88465138555098,61.34547853977667,-0.14959635141774785,3.3305419772112685
-3.5,-3783429,2804037,4287256,0,0,0,143.45650904287578,42.506114215159386,60.00885568652302,158.70959244647162,-21.29039580845648,3.934824331025428,86.24844452675052,60.137721966515954,1.4287159921025194,-3.6662805579961035
-3.1,-3783425,2804036,4287264,0,0,0,143.45648983989201,42.50619047532436,62.60615853406489,-1.783263942614596,178.2167348275938,4.807264656723602,85.6091132217239,62.79045213941567,-0.1495963197565408,4.804936463773396
-3.0,-3783429,2804037,4287256,0,0,0,143.45650904287578,42.506114215159386,60.00885568652302,158.70959244647162,-21.29039580845648,3.934824331025428,86.24844452675052,60.137721966515954,1.4287159921025194,-3.6662805579961035
-2.7,-3783423,2804035,4287262,0,0,0,143.45648512577444,42.50619059757827,59.63131579849869,-6.3597258242377634,173.64026976078475,4.84835346457605,85.35176298739498,59.82809001779805,-0.5370538993593553,4.818516828511601
-2.6,-3783430,2804037,4287257,0,0,0,143.45651628730735,42.506115964907686,61.27679906412959,149.75759532797565,-30.242388032113666,4.0188722625573385,86.24759918872262,61.40844760949804,2.0241430318722395,-3.471912909229694
-2.2,-3783423,2804034,4287260,0,0,0,143.45649490054814,42.5061809464023,57.841020327061415,4.066462456383144,-175.93353535407726,3.7558896485973614,86.2847313747503,57.96283584787732,0.26634361701864195,3.7464340552202753
-2.1,-3783429,2804036,4287260,0,0,0,143.45651881764002,42.506144382690664,62.27257597167045,98.03709595832619,-81.96288569209054,2.2542544362599366,87.92680984202956,62.31336438687022,2.23211259473366,-0.3151768199423483
-1.8,-3783425,2804034,4287263,0,0,0,143.45650938943396,42.506191082321855,61.052577204070985,16.650565804803332,-163.34942221595733,5.085602759834605,85.23832669293957,61.264023200324395,1.457198171540065,4.872363791805538
-1.6,-3783431,2804037,4287260,0,0,0,143.45652353173645,42.506130987558755,63.896080522798,124.54112370179783,-55.458854763451455,3.180171729483484,87.15068302089675,63.975171734078934,2.619569281531598,-1.8031497464886272
-1.3,-3783424,2804034,4287260,0,0,0,143.4565021449923,42.50617605968808,58.433294099755585,15.05619356449485,-164.94379935111576,3.31748690907669,86.75058251035983,58.527391696029184,0.8617711819377576,3.2036026317064996
-1.2,-3783431,2804038,4287260,0,0,0,143.45651375697616,42.506127365843994,64.33503649197519,140.52893439208435,-39.47105067766995,2.8570161954026325,87.45725660369781,64.39844300885365,1.8161722496098245,-2.205461380423634
-0.8,-3783421,2804033,4287256,0,0,0,143.45649018643013,42.50616779574003,53.51483824942261,-3.033246783747886,176.96675222060597,2.2888240794539785,87.55095804202938,53.56376227010714,-0.12111408290965361,2.2856174320321645
-0.7,-3783430,2804037,4287263,0,0,0,143.45651628730735,42.50615578361153,65.33081402163953,64.82818253125764,-115.17180082882537,2.2365308215916344,88.03930573915625,65.36908543681777,2.0241417461168787,0.9512729931813815
-0.4,-3783421,2804035,4287258,0,0,0,143.4564706368772,42.50617382519939,55.74408960901201,-30.313295776251422,149.6866900190662,3.423447922894989,86.48567096072296,55.84911388749453,-1.7279099052746327,2.955388813680498
-0.3,-3783421,2804035,4287258,0,0,0,143.4564706368772,42.50617382519939,55.74408960901201,-30.313295776251422,149.6866900190662,3.423447922894989,86.48567096072296,55.84911388749453,-1.7279099052746327,2.955388813680498
-0.3,-3783429,2804037,4287260,0,0,0,143.45650904287578,42.50614076097366,62.71153189428151,116.66541206275238,-63.33457619217275,1.5987550266565382,88.5396293884768,62.73190775165973,1.4287153868709739,-0.7174886609401376
0.1,-3783422,2804035,4287262,0,0,0,143.45647788132706,42.50619548429185,59.039042288437486,-11.927299264914307,168.07269142525502,5.479650529786771,84.6973403491461,59.292791166081074,-1.132481481237941,5.361348302735569
0.21,-3783428,2804036,4287258,0,0,0,143.45651157320674,42.506135996495445,60.32896327506751,127.29825482967962,-52.70173171557926,2.0574512251771986,88.04674910854011,60.364036606148424,1.6366858630065277,-1.2467417253857083
0.6,-3783421,2804034,4287259,0,0,0,143.45648041165242,42.5061840833797,55.98080325778574,-12.7224551736126,167.27753722622154,4.197966537431599,85.71145092567166,56.137984078841924,-0.9245119397130906,4.0948993544070635
0.7,-3783430,2804036,4287261,0,0,0,143.45652606207085,42.506146132431695,63.54051952343434,92.44654090743471,-87.55343584814221,2.830118960032314,87.44970970983823,63.6035155839351,2.8275392647747126,-0.12080990891339613
1.0,-3783424,2804037,4287261,0,0,0,143.45647282068083,42.506171830969244,60.42583168018609,-29.526594581452812,150.4733926893945,3.141913010067553,87.02351825424256,60.50746029709901,-1.5484211149997598,2.733863459182747
1.1,-3783428,2804037,4287258,0,0,0,143.45650179844174,42.50613237477729,60.76791933272034,153.19193073447835,-26.80806241528876,1.8476329449043405,88.25847309088147,60.796001246193015,0.8332884514404605,-1.6490536242923834
1.5,-3783425,2804040,4287264,0,0,0,143.45645074083782,42.50617598843263,64.36198288947344,-46.46285874576786,133.53711360640267,4.639334744750457,85.87714135288616,64.52897231739182,-3.363183665325342,3.1956881116807345
1.6,-3783430,2804037,4287259,0,0,0,143.45651628730735,42.506129237814626,62.6281370408833,134.62067565841818,-45.379307701669006,2.8438050876421235,87.4001113590675,62.69266924121319,2.024142603317625,-1.997516983140262
2.0,-3783424,2804040,4287260,0,0,0,143.4564434963916,42.506154329346394,61.06703123822808,-78.71780734366196,101.28216011366398,4.036618334328763,86.21816852033669,61.20029895211104,-3.95861274617514,0.7897295124653954
2.1,-3783430,2804039,4287262,0,0,0,143.45649673778775,42.50614190373173,65.53305660746992,144.7506174100752,-35.24937915901967,0.7231363143257409,89.36778506268226,65.53704627496538,0.4173482819322703,-0.5905476616368902
2.9,-3783427,2804041,4287264,0,0,0,143.4564554549669,42.50616259329993,65.98548628203571,-60.1492708161027,119.85070472126414,3.4309230718343344,87.02357955944767,66.0746217015396,-2.9757256856791887,1.7077147795912135
3.0,-3783432,2804042,4287263,0,0,0,143.45648190239015,42.50612790162523,68.71014268230647,-159.50816434807217,20.491829059011565,2.290909288484456,88.09037178624425,68.74832341803673,-0.801987564813416,-2.1459453194219567
3.3,-3783430,2804041,4287267,0,0,0,143.45647718827806,42.50616784251763,69.78931585792452,-27.43939988544497,152.5605903364548,2.581202309601661,87.88184457428561,69.83703325084943,-1.1894443242288941,2.290813733731448
3.8,-3783433,2804044,4287266,0,0,0,143.4564695973277,42.50613568082709,72.20733683370054,-125.25539899857462,54.74458609435655,2.220647857683393,88.23849395321244,72.24147541075916,-1.8133525429456931,-1.2818071082757456
3.91,-3783437,2804046,4287272,0,0,0,143.4564790255462,42.506148709239866,79.50836068205535,-80.94849219900169,99.05149926428555,1.0515322631349602,89.24228285137757,79.51531386121934,-1.0384378577721491,0.16542948938844246
4.3,-3783434,2804046,4287268,0,0,0,143.45645729227567,42.506136823581464,75.02886204887182,-112.23686165594636,67.76311512283951,3.051678240686013,87.67087017143278,75.09089745390791,-2.824716710533123,-1.1548660484711681
4.4,-3783438,2804047,4287271,0,0,0,143.45647649523198,42.506133564403754,79.8639217345044,-140.5908362479059,39.40915350572715,1.9632969516966943,88.59177992855678,79.88804998080492,-1.246407108056693,-1.516906141304492
4.7,-3783436,2804048,4287272,0,0,0,143.45645223165906,42.506146352509255,79.79399964492768,-91.70322353577417,88.29674982370629,3.242085611867222,87.67331247089747,79.85983657915533,-3.2406532243228137,-0.09636282666367166
4.9,-3783441,2804049,4287274,0,0,0,143.45647867902144,42.50613157021064,84.54566397611052,-148.46144675295707,31.538544476195483,2.0397172876047853,88.61797139706296,84.57026512773119,-1.0669193515614785,-1.7384273670813677
5.2,-3783440,2804050,4287276,0,0,0,143.4564616598842,42.5061461080462,85.7436848366633,-92.86778142176301,87.1321983080798,2.4688301932462764,88.35073008988707,85.77922016369774,-2.4657383505908763,-0.12351886297174294
5.3,-3783446,2804053,4287278,0,0,0,143.45647580218883,42.50611919567218,91.96553634293377,-157.28181977467239,22.718169510694196,3.3748667103436634,87.89835522725981,92.02743938715267,-1.3033693003880233,-3.113029678527318
5.7,-3783445,2804053,4287280,0,0,0,143.4564685577848,42.506137355196195,92.72460041753948,-119.98967867199894,60.01030571854483,2.192309944595603,88.64559449137401,92.75051345133102,-1.8987935368072018,-1.095812939215436
5.8,-3783447,2804054,4287279,0,0,0,143.45647327188172,42.50611732371197,93.6724359402433,-155.5302459180651,24.469741657651326,3.6486987331178393,87.7693608184348,93.74347047887677,-1.5113378085917804,-3.3209728203309226
6.1,-3783448,2804057,4287286,0,0,0,143.45645119217255,42.50614802684179,100.31126328092068,-88.45643858635908,91.54353407077183,3.3272968937089273,88.10021135144264,100.36643087025199,-3.326089530732748,0.08962729737689151
6.2,-3783454,2804059,4287286,0,0,0,143.45647510914867,42.50611146340598,104.7428201539442,-161.0944825049403,18.905506312161293,4.198442423786859,87.70462237912639,104.82693018774971,-1.3603311297010459,-3.971953927655701
6.6,-3783451,2804059,4287288,0,0,0,143.4564533759749,42.50613939623817,104.31733615882695,-105.44008377114375,74.5598903615175,3.2644159295633943,88.207620656622,104.36840055608255,-3.146601157288319,-0.8690871752241272
6.7,-3783457,2804063,4287287,0,0,0,143.45645774356956,42.50608895304064,108.95113851409405,-156.69896668808843,23.301010395633256,7.047254506499362,86.29910949551956,109.17881836508712,-2.7876265550309203,-6.47247512695584
7.1,-3783457,2804063,4287291,0,0,0,143.45645774356956,42.50611549866162,111.65381341986358,-141.6522530672046,38.34772401651128,4.493033512818653,87.69561800202615,111.74417837786906,-2.7876253762633336,-3.5237047136393587
7.2,-3783462,2804065,4287293,0,0,0,143.4564744161114,42.50609709477253,116.84443537890911,-165.7192246040739,14.280763744765409,5.745614353370317,87.18485094080415,116.985615198253,-1.4172928845211545,-5.56806655645752
7.51,-3783462,2804068,4287296,0,0,0,143.45644509211553,42.506106138901956,120.18831184506416,-140.01251783311898,39.98745070240318,5.95602415801476,87.16298445213634,120.33579902895583,-3.8274616199455305,-4.563415532109624
7.6,-3783471,2804072,4287303,0,0,0,143.45647119278672,42.50609412702389,132.00428780913353,-164.08016317049885,15.919823000440346,6.132954133852491,87.33993579155485,132.1466803457601,-1.6822213249163707,-5.897733278297262
8.0,-3783467,2804072,4287301,0,0,0,143.45644221534576,42.506100400848936,128.2838535849005,-141.99600753773913,38.003959054040564,6.600289877783541,87.0546909877452,128.45353602397623,-4.063906614856524,-5.200816233678831
8.1,-3783476,2804077,4287306,0,0,0,143.4564585413573,42.50607149457023,139.1874496107921,-162.06846545579393,17.931512166971885,8.84128088582198,86.36541647141777,139.46796899954768,-2.7220563113736427,-8.411816518428825
8.4,-3783475,2804078,4287312,0,0,0,143.45644152238103,42.50611257778059,143.0881438991055,-133.04012766515874,46.95983845840223,5.638250511766711,87.74348238468686,143.19918572856676,-4.1208612931935775,-3.8481646320936598
8.6,-3783480,2804078,4287312,0,0,0,143.45647774409974,42.50608814458957,146.04951498750597,-170.1130411134576,9.886949484001036,6.661210265822651,87.38859166060793,146.20134250509204,-1.1437622742540374,-6.562280858474003
8.9,-3783481,2804081,4287319,0,0,0,143.4564556645794,42.50611884749819,152.68834048695862,-136.81110079767805,43.18887488132768,4.3227267302058765,88.37834468327729,152.74951812377492,-2.958499499767676,-3.15170542625906
9.0,-3783489,2804086,4287323,0,0,0,143.45646474618414,42.50608819156873,162.32399276085198,-161.3577882584821,18.642193556688852,6.920139846334437,87.5588644813716,162.47143429328725,-2.2120744352130024,-6.557062008697392
9.4,-3783487,2804086,4287321,0,0,0,143.45645025753652,42.50608469210895,159.78810704685748,-153.8986496308635,26.1013223947794,7.734587252759196,87.22874510473935,159.97519493217857,-3.4029115972301986,-6.945792440894075
9.5,-3783496,2804091,4287327,0,0,0,143.45646658344603,42.506062422345565,171.3673722613603,-167.65781297674948,12.34217007980638,9.642439437406493,86.7794969854109,171.6384365871109,-2.061068821669003,-9.419587762550758
9.8,-3783496,2804091,4287333,0,0,0,143.45646658344603,42.50610224039515,175.42138308659196,-157.58363937932342,22.416343677226024,5.404882747928545,88.23522635878957,175.5046278635743,-2.061067513709565,-4.996474579419642
9.9,-3783502,2804096,4287331,0,0,0,143.45646117640578,42.50604153980107,179.81847821734846,-167.95229404866245,12.047685354529335,12.003677004387818,86.18091993175987,180.21868207827038,-2.505480083050157,-11.73928580362144
10.0,-3783502,2804096,4287331,0,0,0,143.45646117640578,42.50604153980107,179.81847821734846,-167.95229404866245,12.047685354529335,12.003677004387818,86.18091993175987,180.21868207827038,-2.505480083050157,-11.73928580362144
10.3,-3783502,2804098,4287337,0,0,0,143.4564416272861,42.50607411451406,184.75040147826076,-153.14304016677326,26.856926027681197,9.102618761710284,87.17932827057291,184.9745077428227,-4.11224156101106,-8.120784301096378
10.4,-3783502,2804098,4287337,0,0,0,143.4564416272861,42.50607411451406,184.75040147826076,-153.14304016677326,26.856926027681197,9.102618761710284,87.17932827057291,184.9745077428227,-4.11224156101106,-8.120784301096378
10.4,-3783514,2804104,4287344,0,0,0,143.45646991144105,42.506040199762985,199.22111641988158,-171.44888845419672,8.551096850984521,12.021780381589494,86.54673634394264,199.58350741262961,-1.7875379809829113,-11.888141633986095
10.8,-3783509,2804103,4287346,0,0,0,143.45644346458334,42.50608152700417,197.17212287243456,-151.50559958671502,28.49436784914164,8.30320049989905,87.58861741433702,197.34687526425128,-3.961231693569615,-7.29738186004977
11.2,-3783521,2804113,4287359,0,0,0,143.45643265063768,42.50607294358788,217.4526750575751,-149.5520075964955,30.447952532717807,9.570762618590214,87.47986256151013,217.6631925402105,-4.850041859340982,-8.250853959684662
11.3,-3783528,2804116,4287357,0,0,0,143.45645403692365,42.506014600090865,221.56413355004042,-168.14544175668215,11.854532822592091,15.052877058803391,86.11334648621443,222.07488463022466,-3.0922832872677577,-14.73183260218273
11.7,-3783529,2804118,4287365,0,0,0,143.45644173218966,42.50605556061842,228.43966591916978,-158.04886291738777,21.95110334795271,10.977656178814946,87.24877079874265,228.7032791641654,-4.103620640204747,-10.181808916963604
12.2,-3783537,2804123,4287374,0,0,0,143.45645081370537,42.50605808653429,241.45366154704243,-161.26977846908642,18.730193932349493,10.454903588681677,87.52065094499277,241.6799033505317,-3.357200923235037,-9.901222702760444
12.2,-3783537,2804123,4287374,0,0,0,143.45645081370537,42.50605808653429,241.45366154704243,-161.26977846908642,18.730193932349493,10.454903588681677,87.52065094499277,241.6799033505317,-3.357200923235037,-9.901222702760444
12.3,-3783547,2804129,4287379,0,0,0,143.45646460916063,42.50602067268738,253.38849231693894,-171.0123817430428,8.987599979557388,14.232008823363437,86.78525979153876,253.78786045396205,-2.22333893193766,-14.057269974715041
12.6,-3783550,2804133,4287388,0,0,0,143.45644724402143,42.50605125296319,263.00215666648,-161.09636697071235,18.903603018801675,11.268061923491917,87.54672051413297,263.2434303657574,-3.6505974865121176,-10.660316951344354
12.7,-3783557,2804137,4287389,0,0,0,143.45645885570372,42.50600919705424,269.5795776527375,-170.02619172021357,9.973786114959466,15.567286862110834,86.69503757311239,270.0286820092924,-2.696222524070554,-15.332018926023512
13.1,-3783560,2804139,4287397,0,0,0,143.4564610394375,42.5060403842171,277.6396589195356,-168.02683804811667,11.973141262530163,12.131575528918283,87.49802960056046,277.9045795408379,-2.516737702735976,-11.867651669537498
13.2,-3783570,2804146,4287402,0,0,0,143.45646506039668,42.505999349033004,290.01344849169254,-172.41864424810794,7.581337779381869,16.57082144682564,86.72978296127728,290.4864754673893,-2.18625207624813,-16.425968016579034
13.6,-3783569,2804145,4287411,0,0,0,143.45646759061884,42.50606758313811,295.0632269885391,-167.3944280570757,12.60555567999458,9.06481325091825,88.2403356706812,295.20243691433876,-1.9782880472332234,-8.846310851207821
13.7,-3783582,2804154,4287414,0,0,0,143.45647379526352,42.50599137293691,308.7404194958508,-175.15203436854986,4.847953560813949,17.374134516850255,86.77912025619307,309.2288912451156,-1.4683234831072085,-17.311977829195698
14.0,-3783585,2804160,4287424,0,0,0,143.45643688158512,42.50602134605186,319.9076645663008,-162.15164803525104,17.848314952699752,14.689457199432411,87.37095036678383,320.2447407859789,-4.502299519855976,-13.98246944739953
14.1,-3783593,2804167,4287423,0,0,0,143.45642641433372,42.50595026699462,327.0429031662643,-166.2275885862391,13.772367329349521,22.525790621916087,86.05985159234831,327.81774167143686,-5.362620758325016,-21.87815215562741
14.5,-3783596,2804167,4287437,0,0,0,143.45644814669802,42.506028514145356,338.2790703093633,-164.8251261650066,15.174844434424074,13.662612225929207,87.68716171723297,338.5548646559421,-3.5764068136657956,-13.186215800572777
14.6,-3783608,2804172,4287445,0,0,0,143.45648620442796,42.50600485802226,352.98649858497083,-178.37583728856347,1.6241590252789422,15.820368452270207,87.43379944615349,353.3408442867074,-0.44839971962495895,-15.8140126361726
14.92,-3783608,2804175,4287454,0,0,0,143.4564568815547,42.506053718791506,360.3843801515177,-164.61238155285776,15.38759494843515,10.772572315253017,88.28783036711074,360.5453505059814,-2.8584780557351257,-10.38640541728641
15.0,-3783608,2804175,4287454,0,0,0,143.4564568815547,42.506053718791506,360.3843801515177,-164.61238155285776,15.38759494843515,10.772572315253017,88.28783036711074,360.5453505059814,-2.8584780557351257,-10.38640541728641
15.1,-3783617,2804178,4287457,0,0,0,143.4564927554706,42.50601878443129,369.0587294762954,179.63841604684137,-0.3615832129836747,14.267307810747935,87.78612563492806,369.33440386027405,0.09003796370272776,-14.267023702641042
15.4,-3783628,2804189,4287477,0,0,0,143.4564649233713,42.5060579192035,393.915639241226,-167.50912157191976,12.490860362976235,10.160300507580448,88.52249254748853,394.0466502144487,-2.197512298820627,-9.91981078957011
15.5,-3783627,2804186,4287462,0,0,0,143.45648700204154,42.5059741283514,381.8714782251045,-178.85932498529127,1.1406718674743672,19.231371353154174,87.11697165481927,382.3554256525588,-0.38284313281637333,-19.227560304380123
15.9,-3783640,2804196,4287483,0,0,0,143.45648343231485,42.5060137479804,408.14964534621686,-177.38852371424102,2.6114707265717243,14.841902199589926,87.91742113347318,408.4194107252308,-0.6762427772204779,-14.826488343786922
16.0,-3783638,2804192,4287478,0,0,0,143.4565080411199,42.506004826363096,401.8309287894517,175.134729235761,-4.865259696034116,15.874727747514356,87.73765011460296,402.1443799344349,1.3463830182734517,-15.817529321161606
16.4,-3783651,2804203,4287494,0,0,0,143.45649469714226,42.50600764382051,425.16971634794027,179.07760723842432,-0.9223907094746266,15.506566872202905,87.91126417932288,425.4523960627676,0.249626191361429,-15.504557488902641
16.5,-3783656,2804204,4287498,0,0,0,143.45652114297476,42.50600613458205,431.27272065076977,171.21052040421162,-8.789459675074056,15.85844231219145,87.89411066611879,431.5641896289427,2.4232394368415107,-15.672207987416455
16.8,-3783672,2804216,4287516,0,0,0,143.4565197567809,42.50600394346822,458.1786264665425,171.744168561121,-8.255812454772467,16.08226790629834,87.98971867579174,458.46078686380304,2.3093066566723315,-15.915603782935868
16.9,-3783670,2804213,4287514,0,0,0,143.45653459127203,42.50601130859589,454.32587001565844,166.8450003748675,-13.154970617827274,15.504327246615206,88.04548239762951,454.5903434179559,3.5285700891383,-15.09746192232897
17.3,-3783686,2804224,4287531,0,0,0,143.45654297913237,42.506006102906824,480.1171516608447,164.93972370828752,-15.060241616996564,16.23329039392984,88.06350420927639,480.39150599894685,4.2179782227699345,-15.675725716083877
17.4,-3783692,2804224,4287526,0,0,0,143.45658644271668,42.50594360448701,480.29247349034995,160.9949670627764,-19.004968895575416,23.922244141125383,87.14858767687502,480.88785995929044,7.790307721910933,-22.618241981762033
17.8,-3783701,2804233,4287547,-35,23,37,143.45656367115888,42.50600639051793,503.76257719192654,159.27632168018738,-20.72362966414815,16.725982388188957,88.09835758397101,504.04016969473946,5.918679536336117,-15.643775739768301
17.9,-3783705,2804238,4287548,-36,23,37,143.45654377644556,42.50597537384368,509.00213127397,167.35264282270873,-12.647321963866318,19.563901906023982,87.7988746151484,509.37796958568237,4.2835124042873804,-19.089205831328997
18.2,-3783721,2804247,4287566,-37,24,39,143.45657171223556,42.50598404718627,534.5911672990769,160.04926258669636,-19.95068332454926,19.282984574819817,87.93420671012261,534.9388279497969,6.579587171520543,-18.1257421024658
18.3,-3783721,2804247,4287561,-37,24,38,143.45657171223556,42.505950867290764,531.212832336314,163.21367486619292,-16.78627104506981,22.782255474283748,87.54424670083823,531.7011419992103,6.5795906510749536,-21.811468344882673
18.8,-3783738,2804259,4287576,-38,25,40,143.45657756968703,42.505923882261484,556.6840151855722,164.11285774107074,-15.887084212514111,25.794320792691156,87.34705981778222,557.2812931978667,7.061024752296357,-24.809049046743358
19.1,-3783753,2804265,4287602,-39,25,41,143.45662758316737,42.50600139364176,585.769242266193,145.40754546336586,-34.59236269764955,19.677622240358005,88.07599851112178,586.0996621754223,11.171681527124326,-16.198837887044277
19.3,-3783763,2804273,4287611,-40,26,42,143.4566218295687,42.50598328275966,601.284659801051,149.56569002140776,-30.434222027147456,21.120888800056562,87.9882399713657,601.6554944947898,10.698789719328042,-18.210651889648414
19.6,-3783777,2804283,4287623,-41,26,43,143.45662550325346,42.50595829179252,622.0740980030969,152.33754933988982,-27.66236022649474,23.69512430643358,87.81862867563662,622.5252142060303,11.000738567064602,-20.986725968488678
19.7,-3783777,2804283,4287623,-41,26,43,143.45662550325346,42.50595829179252,622.0740980030969,152.33754933988982,-27.66236022649474,23.69512430643358,87.81862867563662,622.5252142060303,11.000738567064602,-20.986725968488678
19.7,-3783779,2804283,4287626,-41,26,43,143.45663999076365,42.50596842690984,625.2856525070965,148.45656997338443,-31.54332980424212,23.304225848499676,87.86558980271734,625.7197728804991,12.191482547914037,-19.86088355742986
20.1,-3783793,2804292,4287642,-42,27,44,143.45665343822535,42.505973600888616,648.3388031888753,145.41584916390588,-34.58404152769364,23.42559713708357,87.93070502179613,648.7618687327517,13.296744383406212,-19.286139842677002
20.2,-3783796,2804295,4287643,-43,27,44,143.4566458478289,42.50595471392091,652.1081683468074,149.34777112884547,-30.652124691362218,24.85728228888547,87.81703675031657,652.58175557352,12.672884502701915,-21.384164261680112
20.5,-3783813,2804305,4287663,-44,28,45,143.45667125246158,42.50596815121115,680.0797736328095,143.4219418513752,-36.577936803717876,24.770075900909326,87.91407745205795,680.5307158127326,14.760918887817143,-19.891504058871266
20.7,-3783822,2804312,4287668,-44,28,46,143.45666802895127,42.50593200496946,691.8612923882902,148.769243914607,-31.230636918550346,27.958287326306387,87.68592233688754,692.4259626381837,14.495983077132193,-23.906741828358825
20.7,-3783822,2804312,4287668,-44,28,46,143.45666802895127,42.50593200496946,691.8612923882902,148.769243914607,-31.230636918550346,27.958287326306387,87.68592233688754,692.4259626381837,14.495983077132193,-23.906741828358825
21.1,-3783841,2804324,4287687,-46,29,47,143.4566883730936,42.50592179146657,721.2196973785758,147.1513846539453,-32.84848243334059,29.8072697178731,87.63337110405102,721.8353865078093,16.168096027211327,-25.04128588728838
21.5,-3783857,2804333,4287710,-47,30,48,143.45671630737263,42.50596364348284,750.1870704302564,137.8408966509956,-42.158951561935424,27.50933697198596,87.89990649957056,750.6912842582954,18.46403715845054,-20.392227746120124
21.6,-3783861,2804336,4287706,-47,30,48,143.4567159606334,42.50590669188316,751.1703809769824,145.39471881925425,-34.605129628039606,32.46155707875492,87.52552315366356,751.8714610524077,18.435554979190158,-26.71858904557875
21.91,-3783876,2804346,4287727,-48,30,50,143.4567268774452,42.50593653719219,778.6330974856392,140.4408109711359,-39.55903009997505,30.355740743083103,87.76740101337366,779.2245963110649,19.332812459861234,-23.403276660611215
22.4,-3783897,2804359,4287748,-49,31,51,143.45675193445564,42.50592620167037,810.9663477623835,138.93347181754396,-41.06635232336541,32.563778251762926,87.7005639434367,811.6198721427963,21.392282633045273,-24.55137262512827
22.5,-3783913,2804367,4287762,-50,32,52,143.45678964168087,42.50591195331232,833.4137687440962,136.85839391048532,-43.14140475289028,35.81654820311397,87.53918743376553,834.1830345058713,24.4914921401423,-26.134114447123217
22.9,-3783928,2804377,4287781,-51,32,53,143.4568005580713,42.505928526923284,859.5251532532275,133.73663532379112,-46.263155963698125,35.13886559111125,87.6589536830304,860.2431220009925,25.388717402940042,-24.29306287119497
22.9,-3783928,2804377,4287781,-51,32,53,143.4568005580713,42.505928526923284,859.5251532532275,133.73663532379112,-46.263155963698125,35.13886559111125,87.6589536830304,860.2431220009925,25.388717402940042,-24.29306287119497
23.0,-3783932,2804380,4287781,-51,32,53,143.4568002112488,42.50589811888727,863.2111313687637,137.49489971838352,-42.504891803502915,37.53423356744695,87.5102274719663,864.0267796824568,25.36022391982955,-27.67088238982932
23.3,-3783946,2804392,4287803,-53,33,54,143.4567843371273,42.50593224296677,891.6351454053074,134.79056906260115,-45.20923318485228,33.8959374967293,87.82292182491713,892.2791979536034,24.05549637645994,-23.88027790592694
23.4,-3783946,2804392,4287803,-53,33,54,143.4567843371273,42.50593224296677,891.6351454053074,134.79056906260115,-45.20923318485228,33.8959374967293,87.82292182491713,892.2791979536034,24.05549637645994,-23.88027790592694
23.41,-3783962,2804401,4287811,-53,33,55,143.45681227029473,42.505874560019045,910.4675255706534,138.97572494573643,-41.02405842829074,40.14661246058267,87.4752066068872,911.3522181960213,26.351382306715742,-30.287871212508822
23.8,-3783969,2804406,4287826,-54,34,56,143.45681410670062,42.50592178551259,926.9432417117059,133.37709384536504,-46.622688287764305,36.461889554789046,87.74739617119772,927.6600900895282,26.50229897671485,-25.04191563867376
23.9,-3783983,2804414,4287832,-54,34,56,143.45683732631716,42.50586422500731,942.8007793547586,137.8937278199115,-42.10603862459732,42.37202431255139,87.42670388039822,943.7524558888754,28.410774463519072,-31.43590842852324
24.3,-3784003,2804427,4287858,-56,35,58,143.45685513877172,42.50589195373272,977.9200834585354,133.50564182506764,-46.49411258407997,41.18918973347652,87.588174422443,978.7871264899478,29.874790598300645,-28.355709083146106
24.4,-3784003,2804426,4287855,-56,35,58,143.45686491214073,42.50587566830608,975.4541315473616,134.51659572414079,-45.48315208149651,43.023906082709644,87.47451827454977,976.4024883455753,30.678084406653973,-30.16474153298904
24.7,-3784027,2804444,4287883,-57,36,59,143.45686283084618,42.50587901824175,1016.488656161353,134.32122241208063,-45.67852679981189,42.64127624309272,87.59787428617472,1017.3826549260377,30.507018440425902,-29.79262099103161
24.8,-3784037,2804447,4287894,-58,36,60,143.4569059434406,42.50589228541335,1031.1606382550672,129.7493541019891,-50.25036598008572,44.28761708004465,87.54069839499441,1032.1112609177492,34.05049189583061,-28.318845814768586
25.2,-3784051,2804457,4287909,-58,37,61,143.45690961583517,42.50588720276145,1053.9770794669166,130.0571220060815,-49.9425955946887,44.88135461561681,87.5616551537577,1054.932234806456,34.35233353982814,-28.883441147154663
25.3,-3784062,2804463,4287919,-59,37,61,143.45693065155763,42.50587808517948,1069.8825376676396,129.64447063749753,-50.355232750141624,46.85770928620646,87.49221597186956,1070.9081610136786,36.08129216308753,-29.8962418272357
25.6,-3784086,2804479,4287949,-60,38,63,143.45694811622394,42.50590194795401,1111.3904875908047,125.98799237924013,-54.01169920802022,46.36615951163566,87.6110596182124,1112.357243269978,37.5167217370927,-27.245482890930703
25.8,-3784086,2804479,4287942,-60,38,63,143.45694811622394,42.50585550023775,1106.6608266346157,130.8187671093904,-49.180924478006375,49.57411731716224,87.4350858160494,1107.770634344216,37.51674950896015,-32.40503994840468
25.8,-3784086,2804479,4287942,-60,38,63,143.45694811622394,42.50585550023775,1106.6608266346157,130.8187671093904,-49.180924478006375,49.57411731716224,87.4350858160494,1107.770634344216,37.51674950896015,-32.40503994840468
26.1,-3784113,2804496,4287975,-62,39,64,143.4569775368316,42.5058809903779,1152.4115671580657,126.52156390568189,-53.478107803088875,49.69290174697774,87.53089009532533,1153.482468268913,39.934852504435135,-29.573502320215546
26.6,-3784137,2804512,4287998,-63,40,66,143.45699500098635,42.50585840570506,1189.1898568663746,127.79325452441904,-52.20640538446143,52.35237531883295,87.47926322300447,1190.3416681253298,41.37026912460281,-32.0822697775872
26.7,-3784147,2804517,4288004,-64,41,66,143.45701856604634,42.50583125403833,1201.361422254704,129.02310546794672,-50.97653851888185,55.744074202828706,87.34333823724454,1202.6540103831092,43.30713167531886,-35.09834974449749
27.0,-3784179,2804537,4288039,-65,41,68,143.4570548816232,42.505834722500914,1252.7417577980086,126.86520456270205,-53.13441488686718,57.86139096006455,87.35551319486521,1254.077291196471,46.29195626010833,-34.71304292979307
27.2,-3784173,2804534,4288036,-65,41,68,143.45704074276432,42.50585499451508,1245.8442172007635,125.72685477814304,-54.27277422451914,55.59164513128663,87.44506164384565,1247.0838963522006,45.12984951075783,-32.4611720604672
27.5,-3784206,2804554,4288069,-66,42,69,143.4570843008273,42.50584030659416,1296.4655041629449,124.9886715512279,-55.010928020725984,59.455647092560426,87.37426679674333,1297.828100117914,48.7099565833386,-34.092727975982754
27.6,-3784212,2804560,4288083,-67,43,70,143.45706912085237,42.505882158954186,1312.1122226761654,121.81377225001168,-58.18583757839987,55.85333129228541,87.56253366871402,1313.3004528715555,47.46226211367686,-29.443646029295074
28.0,-3784232,2804570,4288097,-68,43,71,143.45711624962672,42.50584112695708,1337.8066872255877,123.51793084145928,-56.481647143731266,61.574988132419556,87.36471731699926,1339.222987985574,51.3358712414577,-34.00158066014115
28.1,-3784241,2804578,4288107,-69,44,71,143.4571032525608,42.50583453949401,1353.4054908752441,124.64324800025886,-55.356338766650495,61.10024415260324,87.41510530088216,1354.7839911095673,50.26762998792796,-34.73334436682554
28.4,-3784272,2804596,4288140,-70,45,73,143.45715186932043,42.505836865098985,1401.9643140202388,122.42882839995065,-57.57072551819442,64.28881908428012,87.37446998289029,1403.4375618621193,54.2635060170192,-34.474978955645796
28.6,-3784270,2804597,4288133,-70,45,73,143.45712761102797,42.50579656995652,1396.489046158269,126.69327523264307,-53.30629507620205,65.18674611493736,87.32742890572256,1398.0096451416512,52.269717387535216,-38.95110413429252
28.9,-3784301,2804614,4288170,-72,45,75,143.4571859999267,42.505829056849784,1447.3115791231394,121.7696730095243,-58.22985784772075,67.12616764227937,87.34453038796403,1448.8673953976102,57.06875427770279,-35.342321196132175
29.0,-3784315,2804625,4288163,-72,46,74,143.4571798984103,42.5056743831839,1455.7023617429659,132.87731792288486,-47.12221705763994,77.19220858124022,86.96459292629348,1457.747578646488,56.56740169289498,-52.52395768946166
29.4,-3784330,2804633,4288202,-73,46,76,143.45721035742565,42.50583089786602,1494.44912682008,120.74599380535278,-59.25352059431923,68.73147685914458,87.36675512234568,1496.0288127454426,59.07072890921837,-35.137798698449515
29.5,-3784345,2804646,4288210,-74,47,76,143.45719195334425,42.50576362295577,1514.4450529627502,126.51295223803828,-53.48657459697226,71.61444757814466,87.29263780604342,1516.1373445520264,57.558133885791605,-42.610917914404496
29.8,-3784374,2804663,4288244,-75,48,78,143.45723585552503,42.50578597584661,1562.0560273556039,123.26660149150166,-56.732895680154186,73.15453042463355,87.31867135720951,1563.7680831631076,61.16649652488386,-40.127858459180274
30.0,-3784376,2804666,4288243,-75,48,78,143.45722102315383,42.505758707453246,1563.8817827142775,125.75060035350678,-54.24890684002051,73.86619367919324,87.29578146299039,1565.6252568460432,59.94742873555671,-43.15692709922055
30.3,-3784404,2804683,4288276,-77,49,80,143.45725768227766,42.50577931085443,1610.2248102668673,122.98796467016831,-57.011517753904315,75.0615219899074,87.33105757589257,1611.9733780935744,62.96047528532069,-40.86821057115023
30.4,-3784421,2804693,4288293,-78,49,80,143.45728308048243,42.505772842214334,1636.1694335713983,122.59175888808512,-57.40770637529317,77.20556675175393,87.2984006004144,1637.9899617796227,65.04799705581244,-41.58674808742019
30.8,-3784437,2804704,4288312,-78,50,81,143.45729146367614,42.50578090804723,1663.3120532743633,121.75722476911116,-58.24223482997914,77.31166443940374,87.33877584063835,1665.1078283481131,65.73701545388288,-40.69076378746078
30.8,-3784437,2804704,4288312,-78,50,81,143.45729146367614,42.50578090804723,1663.3120532743633,121.75722476911116,-58.24223482997914,77.31166443940374,87.33877584063835,1665.1078283481131,65.73701545388288,-40.69076378746078
30.9,-3784454,2804714,4288326,-79,50,82,143.45731686152988,42.50575453505731,1687.2296843212098,122.74649462167346,-57.25294781706651,80.64056510845515,87.26365014143617,1689.155679147325,67.82453012005253,-43.62033763057183
31.2,-3784485,2804735,4288357,-81,51,83,143.45733615732712,42.505732729561956,1735.7540400298312,123.55778239552231,-56.44164700580694,83.29306087595916,87.25267366749195,1737.7513692902007,69.41050426013699,-46.0425443306486
31.3,-3784487,2804735,4288354,-81,51,83,143.45735064201773,42.505703054428885,1734.9116179095581,124.94744237168581,-55.05197724298522,86.13268823930527,87.15778554695126,1737.048405180722,70.6010561374251,-49.33893853346973
31.7,-3784518,2804756,4288393,-82,52,85,143.45736993738686,42.505734327088575,1788.8412856971845,122.43045126117936,-57.56895531608146,85.5251852184598,87.26275125515318,1790.8846145749892,72.1869362889329,-45.86505789671912
31.8,-3784537,2804766,4288407,-83,53,86,143.45740981888625,42.505698184015515,1813.94349164702,123.4634403196674,-56.53593931120784,90.45969480481104,87.1450772263129,1816.1976619500317,75.46490003784173,-49.87990824428321
32.3,-3784569,2804786,4288445,-85,54,88,143.45744612778012,42.505721556944415,1867.350832425058,121.07856572815798,-58.92078936987352,91.59695872680284,87.19178849908396,1869.5959815442898,78.44915500230718,-47.283537594215645
32.6,-3784603,2804810,4288482,-86,55,89,143.45745783241568,42.50571404210739,1923.022878428921,121.21328738607815,-58.78605980356913,92.85207119615664,87.23565263749707,1925.2632282590528,79.41118626970012,-48.11829818951552
32.7,-3784602,2804807,4288484,-86,55,89,143.45747990622732,42.50574305816954,1922.465073917061,118.9303950311432,-61.068937243784134,92.8069974284076,87.23619202653758,1924.7038990978865,81.2254289926906,-44.895082766711035
33.1,-3784638,2804832,4288517,-88,56,89,143.45749632266512,42.505695614167784,1977.0579853840172,121.27924514016829,-58.720076043025244,96.61858788669552,87.2021879794644,1979.4174469009633,82.57478290032556,-50.1652943197108
33.2,-3784637,2804829,4288514,-88,56,91,143.45751839630475,42.50569145745471,1973.1218624617904,120.9605514464198,-59.03875482238455,98.41040138291794,87.14471145643509,1975.5744711918687,84.38905517397006,-50.62701321618383
33.5,-3784674,2804852,4288555,-89,57,93,143.45756159783474,42.5056994456022,2032.83447438851,119.4929173818015,-60.506359697126754,101.03190701569027,87.15473995333501,2035.343569645586,87.93984497826385,-49.7396210321913
33.6,-3784674,2804852,4288555,-89,57,93,143.45756159783474,42.5056994456022,2032.83447438851,119.4929173818015,-60.506359697126754,101.03190701569027,87.15473995333501,2035.343569645586,87.93984497826385,-49.7396210321913
33.7,-3784689,2804865,4288570,-90,57,94,143.45754319386683,42.50567861782988,2057.560051685199,121.05964932662911,-58.93964018738326,100.89205179023074,87.19276121764695,2060.0321775169537,86.42722308898118,-52.053253727025364
34.0,-3784729,2804888,4288612,-92,58,96,143.45760812017957,42.50567858486992,2119.7251885477453,119.56593304581217,-60.433312599679496,105.50107611182665,87.15067663394392,2122.349017486174,91.76361894203747,-52.05684680629419
34.5,-3784767,2804912,4288651,-93,59,97,143.45764879007038,42.50566479883487,2179.1177127175033,119.39932175308914,-60.59989641323091,109.16462363139836,87.13212011590508,2181.8503433855744,95.10636215796058,-53.58819767135017
34.6,-3784767,2804912,4288645,-93,59,97,143.45764879007038,42.50562499303489,2175.0637356629595,121.38100976972332,-58.61820839689305,111.40191145001212,87.06800002226416,2177.91474582244,95.10642249603681,-58.009949790718515
34.9,-3784806,2804936,4288695,-95,60,99,143.45769670089442,42.50567929913396,2242.480842310004,117.69003763637167,-62.30914815811144,111.85439351217516,87.1444672032915,2245.268744154107,99.04420615105849,-51.97740447428248
35.1,-3784823,2804949,4288711,-95,61,100,143.4576927803207,42.50565533626129,2269.0666564088315,118.96303934063724,-61.03614910303055,112.83388357406368,87.15319757701398,2271.8703696533303,98.72200573587082,-54.639279514759764
35.4,-3784864,2804973,4288754,-97,62,102,143.45775517322275,42.50565343229567,2332.9387013958767,117.84173624254322,-62.157410044368675,117.4455613472599,87.11803016874043,2335.8930721141437,103.85018158322325,-54.8507034166796
35.5,-3784863,2804973,4288750,-97,62,102,143.45774793163113,42.50563178073674,2329.6437616935,119.00876167841601,-60.99038950156904,118.0670555284819,87.09871471828279,2332.6336801989733,103.25501916638844,-57.25583479536725
36.0,-3784902,2805001,4288788,-98,63,102,143.45775675522432,42.505591995511956,2390.7087065139785,120.67404178137494,-59.3251034371321,120.89560152057824,87.10507921712669,2393.763535913429,103.9803106481423,-61.67529055090267
36.3,-3784940,2805024,4288835,-100,64,106,143.45780719310804,42.50563490316581,2455.067591816187,117.75878541482918,-62.24032572416502,122.1876235333161,87.15076547803227,2458.106323113557,108.12581145440966,-56.908911798107994
36.5,-3784964,2805039,4288857,-101,64,106,143.45783441969354,42.50560931061845,2490.7312991628423,118.43147340162638,-61.56761934151051,125.50064105350198,87.1154732886688,2493.891099373479,110.36365393277727,-59.75177650452012
36.8,-3784982,2805051,4288878,-102,65,107,143.45784751109994,42.50561725403112,2520.848770838231,117.84581205809175,-62.15327183955969,126.03332206200339,87.1378014635317,2523.9974096077444,111.43964430257542,-58.86938039167851
36.9,-3785005,2805065,4288898,-103,65,108,143.45787726688297,42.50558689898916,2554.12992033083,118.65773375377674,-61.341330039177464,129.78387831276672,87.09111179200569,2557.4251709481305,113.88537641937609,-62.24127334590815
37.3,-3785045,2805089,4288947,-104,67,110,143.45793241385505,42.50562968353819,2621.463661700487,115.89526433571689,-64.10376219592322,131.63486489814477,87.12534917235851,2624.7665548145187,118.41791870322997,-57.48855700700832
37.7,-3785087,2805118,4288990,-106,68,112,143.45795318777198,42.50560479474704,2688.122735634446,116.63771296115418,-63.36129953449108,134.38961338719568,87.13794608231139,2691.479966490774,120.12540860722879,-60.25325213883684
37.8,-3785087,2805118,4288990,-106,68,112,143.45795318777198,42.50560479474704,2688.122735634446,116.63771296115418,-63.36129953449108,134.38961338719568,87.13794608231139,2691.479966490774,120.12540860722879,-60.25325213883684
37.8,-3785112,2805132,4289011,-107,68,113,143.45799742436824,42.505571304863835,2723.2641329811886,117.33484610739771,-62.664136499416045,139.31784599951135,87.07139249841809,2726.825443660765,123.76135439556171,-63.97334892062271
38.2,-3785129,2805145,4289037,-108,69,114,143.45799350273035,42.505613681327375,2756.6065709916875,115.6467969063335,-64.35218834978664,136.92931473567907,87.1562758537924,2760.005330514514,123.43894488449031,-59.26604525178326
38.3,-3785129,2805145,4289037,-108,69,114,143.45799350273035,42.505613681327375,2756.6065709916875,115.6467969063335,-64.35218834978664,136.92931473567907,87.1562758537924,2760.005330514514,123.43894488449031,-59.26604525178326
38.3,-3785154,2805159,4289055,-109,69,115,143.45803773861562,42.50556029073392,2789.7209840053692,117.16045167648444,-62.8385036914887,142.8238172465562,87.06921817207477,2793.374627824339,127.07487379560304,-65.19677310043222
38.7,-3785196,2805187,4289101,-111,70,117,143.4580682814151,42.50555892406784,2857.968104270287,116.76135219654014,-63.23758253473005,145.13017157787556,87.09296624211325,2861.6506515870383,129.585242100443,-65.34854039680744
38.8,-3785196,2805186,4289105,-111,70,117,143.45807805201042,42.50558907841044,2860.231808193028,115.43082906693881,-64.56809906236927,144.37782226286026,87.11029550310373,2863.873417621757,130.38824157114433,-61.998887258974065
39.1,-3785241,2805215,4289153,-113,71,119,143.4581205460951,42.50558270489985,2932.046072452329,115.09733508135713,-64.90156433622164,147.83857310993454,87.11349730363682,2935.770838243733,133.88091583787036,-62.70681042434331
39.2,-3785264,2805230,4289172,-113,72,120,143.4581405279552,42.50554209855205,2965.0905142286792,116.3806915462182,-63.618194370734315,151.27711042584093,87.07933664289395,2968.947039222439,135.52334657916484,-67.21745808029075
39.6,-3785287,2805244,4289202,-114,72,121,143.4581702799666,42.50557808045939,3005.1282929275185,114.61834895574313,-65.38051685841576,151.76352465843937,87.10893258923399,3008.9579964449845,137.96863740850085,-63.22042793586858
39.7,-3785308,2805258,4289218,-115,73,122,143.4581855502285,42.50553096313637,3034.5222233263776,116.18267747882248,-63.81617801825851,155.14274708244673,87.07324869891659,3038.4855431339392,139.2238308220732,-68.45434174334574
40.1,-3785358,2805290,4289275,-117,74,124,143.45823493429253,42.505549008966305,3116.6957391221076,114.88026817321997,-65.11855395655817,157.9414648513439,87.09896454551954,3120.695088691186,143.2827530915422,-66.44967257930216
40.5,-3785406,2805319,4289325,-119,75,125,143.45829914641226,42.505541249521954,3191.6382145201787,114.37488117286934,-65.6238975710878,163.09829620956523,87.07463008895373,3195.8028015839805,148.56047752288245,-67.31150529171236
40.6,-3785427,2805337,4289352,-120,76,127,143.45827533530965,42.50555262026292,3230.220191876404,114.2527435254034,-65.74605130676161,160.7947360596986,87.15026807705621,3234.2197567806893,146.6033746799742,-66.04844946666987
41.0,-3785454,2805349,4289375,-120,77,127,143.45835358700867,42.50552987052868,3267.0196355413646,114.13727787246451,-65.86146408800118,167.6971145783656,87.06156907347851,3271.3207762692336,153.035073352235,-68.57542243388329
41.1,-3785478,2805366,4289401,-121,78,128,143.45836126693243,42.505523574916744,3306.2638907460496,114.26646207357282,-65.73227469791036,168.55956426582705,87.08147998793972,3310.5578445266124,153.66631528389286,-69.2747446949948
41.4,-3785527,2805396,4289456,-123,79,130,143.45842294606516,42.505540477363,3385.615916990675,113.00541612653915,-66.99327897028468,172.45119317725965,87.08407751672418,3390.005096074174,158.73579002013247,-67.39705479429303
41.6,-3785528,2805398,4289454,-123,79,130,143.45841064668227,42.50551508778866,3385.734770094976,113.99810828716376,-66.000595120241,172.64891006748613,87.08084246475148,3390.1338586518336,157.72494598711293,-70.21743060560688
41.9,-3785577,2805429,4289507,-125,80,132,143.45846255472836,42.505515104586614,3464.1744167972356,113.43441301383966,-66.56425532110252,176.55427728829267,87.08240154390617,3468.670610308978,161.99136104539625,-70.21546678226538
42.0,-3785601,2805447,4289533,-126,81,133,143.45846046408425,42.50550518970311,3503.857613281347,113.78396811100544,-66.21470163663788,176.8379493400607,87.11076199614443,3508.317236863915,161.8195528391604,-71.31684685775197
42.4,-3785628,2805464,4289560,-127,82,134,143.45848986328176,42.505490875058484,3545.5544168446213,113.93718130266134,-66.06146858115206,179.69103627100546,87.09869443584842,3550.104926804636,164.23596328887805,-72.90690556265638
42.5,-3785656,2805481,4289587,-128,82,135,143.45852650209957,42.50547167652488,3587.8435176750645,114.16450391514712,-65.83412121334771,183.31018227573475,87.07518593923861,3592.523309631956,167.24742556249254,-75.03946674038681
42.8,-3785704,2805513,4289640,-130,83,137,143.45856139771814,42.50547295836939,3666.1298137791455,113.76251865745925,-66.2360828932718,185.87324811678886,87.09758187613821,3670.8386883443677,170.11555734222628,-74.89700605250567
43.0,-3785709,2805513,4289644,-130,83,137,143.45859759729512,42.505475069375976,3671.793938314542,113.33286618779387,-66.66571090412256,188.50709698780926,87.0610586916043,3676.629659220274,173.09086146104354,-74.66243562491888
43.3,-3785758,2805547,4289696,-132,84,139,143.45862019283027,42.50545759572364,3750.8747509783134,113.64686708716272,-66.35169473798115,190.9840667438311,87.08517613960566,3755.7337913218284,174.94807879553562,-76.60341686741653
43.4,-3785785,2805562,4289717,-133,85,140,143.45866912823755,42.50541072477749,3787.63972305879,114.56581779881087,-65.432710963054,196.7821823555479,87.02594188732678,3792.7480669015545,178.97030478097966,-81.8098850947448
43.8,-3785813,2805585,4289751,-134,86,141,143.45864714944756,42.50541623962398,3837.2920845430344,114.62282855693185,-65.37571505514619,194.88463565226587,87.0926159889529,3842.237702603776,177.16381016377744,-81.1973249656012
43.8,-3785813,2805585,4289751,-134,86,141,143.45864714944756,42.50541623962398,3837.2920845430344,114.62282855693185,-65.37571505514619,194.88463565226587,87.0926159889529,3842.237702603776,177.16381016377744,-81.1973249656012
43.9,-3785837,2805598,4289778,-135,86,142,143.4586939032121,42.50543105506973,3875.456248836592,113.72525064092905,-66.27326138107533,197.71648594517256,87.07943882116417,3880.4964818256303,181.00654896526615,-79.55148047769026
44.21,-3785895,2805633,4289842,-137,88,144,143.45877188377835,42.5054455986859,3968.4146067071706,112.5796888424329,-67.41877049064234,202.97461297946444,87.07201377898222,3973.6020415035264,187.41587625298857,-77.93576099896535
44.3,-3785894,2805632,4289838,-137,88,144,143.4587744132069,42.50542757189965,3964.680730302818,113.07671220757237,-66.92174541672179,203.9431812663187,87.05530050396692,3969.922683682834,187.6238286424785,-79.93822684150807
44.7,-3785951,2805669,4289898,-139,89,146,143.45882561442298,42.5054132311734,4055.2220295248553,113.02610944152603,-66.97231358813039,208.43923916681126,87.05757470466402,4060.5754056744377,191.83219783745207,-81.53112471499335
44.8,-3785976,2805687,4289935,-140,90,147,143.4588307610462,42.505471389681794,4102.9297876944765,111.32937703606859,-68.6690425153216,206.3918712650499,87.12024714508425,4108.117628217932,192.25503048262715,-75.07068521342423
45.2,-3786008,2805704,4289959,-141,90,148,143.45889635157585,42.50541276139192,4145.561118549667,112.42954392360097,-67.56883131147377,213.82197940543804,87.04738396200794,4151.07176841206,197.64622180449388,-81.58314705420709
45.3,-3786036,2805724,4289991,-142,91,149,143.45890367817188,42.505415868855955,4192.545345552266,112.28276652676007,-67.715603757945,214.24759302801104,87.07461384905368,4198.016020173132,198.24839899516078,-81.23794319252416
45.6,-3786093,2805760,4290051,-145,92,151,143.45896464419727,42.50540514780949,4282.647716273554,112.07426337537113,-67.9240657169193,219.33731449210674,87.06813807390682,4288.260756907361,203.2593482637788,-82.42872601219325
45.7,-3786094,2805759,4290050,-145,92,151,143.45898165184894,42.50539725117575,4282.125420956872,112.14881145295459,-67.84950614799533,220.96258512804394,87.0460919447479,4287.822592509109,204.65726576604652,-83.3058677143085
46.1,-3786149,2805798,4290107,-147,93,153,143.45899883270405,42.50536554435039,4370.333023721352,112.84825141237219,-67.1500545805956,223.61512779147398,87.07092351042816,4376.05009838857,206.06949774487387,-86.82791876103371
46.2,-3786152,2805798,4290110,-147,93,153,143.459020549804,42.505370790015306,4374.136903641745,112.53505515029326,-67.46323616912056,225.03711020048004,87.05488894396989,4379.92184322597,207.85445188995405,-86.2451610057618
46.6,-3786210,2805836,4290171,-149,94,156,143.45906921483552,42.505354580494554,4466.3851131936535,112.56753143957947,-67.43072699887816,229.42169597107556,87.05951190506516,4472.273503928413,211.85438175645265,-88.0456444853228
46.7,-3786244,2805857,4290199,-150,94,157,143.4591102047617,42.505298241425116,4514.659451384097,113.66144037531488,-66.33679036866587,234.97749715511546,87.0205767172425,4520.770331054326,215.2236189380714,-94.30386005080668
47.0,-3786302,2805893,4290268,-152,95,159,143.45917840338643,42.505342325390764,4611.43506770581,112.04148686156951,-67.95669780230433,238.24134648931698,87.04254785235787,4617.585118094082,220.82885003817958,-89.40670091138571
47.1,-3786304,2805893,4290262,-152,95,160,143.45919288084286,42.50529276796066,4608.5657209595665,113.14639197446563,-66.85178290837145,241.455253908953,87.0008609605647,4614.886633931955,222.0189566978305,-94.91165632862932
47.2,-3786304,2805893,4290262,-152,95,160,143.45919288084286,42.50529276796066,4608.5657209595665,113.14639197446563,-66.85178290837145,241.455253908953,87.0008609605647,4614.886633931955,222.0189566978305,-94.91165632862932
47.6,-3786363,2805931,4290328,-155,97,161,143.4592487801078,42.50530483538668,4704.784536496736,112.43623858573469,-67.56189852777806,245.1717041487952,87.01694966316592,4711.168294528867,226.61338990891008,-93.57102131117647
47.9,-3786425,2805972,4290394,-157,98,163,143.45929708996434,42.50529139672789,4804.097065206617,112.40505074618721,-67.59305372634267,249.41159970467402,87.0280754832419,4810.56698924296,230.58412607026352,-95.06369902153698
48.4,-3786521,2806030,4290494,-161,100,166,143.45942545309202,42.505275886968626,4953.982172539458,111.8694576312131,-68.12856011129087,259.8335531953879,86.99761999280359,4960.7915538959005,241.13461822507247,-96.78621420217348
48.5,-3786522,2806028,4290497,-161,100,166,143.4594522264233,42.50529813549808,4955.723588612862,111.1859259409296,-68.81207371138254,260.9736159181142,86.9855285011265,4962.590403704432,243.33508828867056,-94.31470199772832
48.9,-3786588,2806071,4290562,-163,101,168,143.45950994908395,42.50525129697725,5057.6075539318845,111.85826122941015,-68.13969942269674,267.2961476562275,86.97471466071352,5064.665971230553,248.0796185505622,-99.51750304176312
49.0,-3786588,2806070,4290563,-163,101,168,143.45951971645172,42.50526154687909,5057.844280653633,111.56802694595092,-68.42992710650196,267.62070760922404,86.97118959659844,5064.919506811725,248.8823786870182,-98.37888350837017
49.3,-3786655,2806110,4290634,-165,102,171,143.45961397670553,42.50526046964493,5163.057714189403,110.99752902468789,-69.00036133956345,274.88321063860724,86.95242761967415,5170.369980914488,256.62983316425266,-98.49826506632874
49.5,-3786688,2806133,4290665,-167,102,172,143.45962818526354,42.50522167676139,5213.64461138472,111.74166930117607,-68.25621146365259,277.5411520465196,86.95281472703233,5221.026644722303,257.7978240719987,-102.80745587287
49.8,-3786754,2806172,4290737,-169,104,174,143.45972497054072,42.50523573238287,5318.502476655878,110.85571375297967,-69.14210161729184,284.3857288117956,86.93925130606233,5326.100246610697,265.75275669025365,-101.24581504115129
49.9,-3786758,2806175,4290733,-169,104,174,143.45972462086158,42.505178821741445,5319.485866476782,112.03855580677435,-67.95925980094624,286.67084783292376,86.9152739224327,5327.204713416172,265.7242568264514,-107.5676267809113
50.3,-3786823,2806216,4290810,-171,105,176,143.4597946315561,42.50522367863808,5428.007575121708,110.70026291788687,-69.29750538523933,290.2139085903686,86.93953727363115,5435.760328446973,271.478397719252,-102.58456175802705
50.4,-3786827,2806215,4290807,-171,105,176,143.45983334911654,42.50518787321696,5427.91090872325,111.2050583700016,-68.79268377385723,294.60820494262896,86.89323192154794,5435.900185567831,274.66083473949567,-106.56181436012398
50.7,-3786892,2806260,4290879,-174,107,178,143.4598642901584,42.50518510186732,5534.810050618835,111.0829894503788,-68.91473178781882,297.0911290977485,86.92749202553523,5542.777772509001,277.20395978878776,-106.8695637962053
50.9,-3786930,2806278,4290915,-175,107,179,143.45996351610148,42.50517314393353,5589.5421504685655,110.76483031431194,-69.23282388084286,305.1832588604831,86.87481228268427,5597.867296868822,285.3596147069453,-108.19755904366957
51.2,-3787000,2806325,4290983,-178,108,181,143.46001110799156,42.505112201245886,5697.578077268787,111.67468174870729,-68.32294029174625,311.28038956158986,86.87282227044498,5706.074958103819,289.2715795114416,-114.96710056607873
51.3,-3787000,2806323,4290984,-178,108,181,143.46003064085758,42.505126068225195,5697.37587963324,111.30315568522967,-68.6944531572802,312.2098876391882,86.86339189439732,5705.923845247701,290.87696670962174,-113.42664668182748
51.7,-3787073,2806368,4291059,-181,109,183,143.4601194748138,42.50510413024428,5811.040487401187,111.23464013623965,-68.76290868498825,319.898014127989,86.84904544617493,5819.839025751387,298.1785378993996,-115.863277095063
51.8,-3787071,2806365,4291052,-181,109,184,143.46013429926413,42.50507833527339,5803.809495758265,111.63124522514647,-68.36629358035933,322.0793637804037,86.82365875411143,5812.739438477094,299.39711703757337,-118.72861021160485
52.1,-3787145,2806411,4291131,-183,110,186,143.46022060072406,42.50507441994121,5921.207974846475,111.24603916610295,-68.7514413288427,328.84080539066446,86.82128110339201,5930.33221301096,306.49045680321626,-119.1632291377532
52.3,-3787181,2806432,4291171,-184,110,187,143.4602760453515,42.50508789573581,5978.7748829638585,110.72111788284722,-69.27632514992004,332.5595681141942,86.81629674447383,5988.016780830178,311.0475150490862,-117.66609420766818
52.6,-3787218,2806456,4291207,-185,111,189,143.46030942805407,42.50505911385053,6035.548257932998,111.06520311309382,-68.93221736494037,336.2632644152926,86.8111317250767,6044.908250489273,313.7914616721446,-120.86315227102105
52.7,-3787257,2806481,4291242,-187,112,190,143.46034751791368,42.50501031985045,6093.269533519633,111.72566256938723,-68.271732173975,341.1557663907734,86.7954151790347,6102.812537270029,316.92240452971134,-126.28319939240521
53.1,-3787332,2806523,4291324,-189,114,192,143.46048011086313,42.50503588538529,6211.531619974412,110.63417435167008,-69.3631308030198,350.2918002578145,86.7722926817098,6221.400920312868,327.82041017152443,-123.44279648012719
53.2,-3787332,2806525,4291329,-189,114,192,143.46046057948234,42.50506180057049,6215.787741245702,110.28355364816817,-69.71376470247486,347.78139661549085,86.79756573176897,6225.509548948758,326.2149440771538,-120.56413269526207
53.5,-3787409,2806569,4291402,-191,116,194,143.46058810992196,42.50501069461819,6330.031424112618,110.55293804564141,-69.44429413883533,359.5855072540014,86.74873440244053,6340.236554520686,336.69724885047236,-126.24064180619717
53.7,-3787450,2806593,4291438,-193,116,194,143.46065043354943,42.504962386879654,6389.174082027748,111.05755943009785,-68.93963064596491,366.280261986915,86.71892370187466,6399.664575645846,341.82004354934514,-131.606565752347
54.0,-3787486,2806615,4291482,-195,117,195,143.4606961048912,42.50499876452894,6449.882550718263,110.26117434799953,-69.73598486870358,368.36681886047296,86.73126433422784,6460.393101917042,345.57368548766675,-127.5654386417249
54.1,-3787486,2806615,4291482,-195,117,195,143.4606961048912,42.50499876452894,6449.882550718263,110.26117434799953,-69.73598486870358,368.36681886047296,86.73126433422784,6460.393101917042,345.57368548766675,-127.5654386417249
54.1,-3787528,2806640,4291518,-196,117,196,143.4607558972651,42.50494195822087,6510.056455410086,110.90526090740185,-69.09185791142963,375.18636011377606,86.70158889603071,6520.858828209821,350.4884853386344,-133.8754139506351
54.5,-3787605,2806687,4291598,-199,118,198,143.4608541208143,42.50492641207298,6630.346522320993,110.71575661511785,-69.2812958382742,383.3463925359364,86.6910167686778,6641.419235579426,358.5618170170156,-135.60191756672336
54.6,-3787606,2806689,4291597,-199,118,199,143.46084182676427,42.50490766544031,6631.141027339734,111.0604871739785,-68.93657358655392,383.14492084377025,86.69314735387847,6642.200791517571,357.5514444129168,-137.68440349805726
55.1,-3787725,2806760,4291715,-202,120,202,143.4610095985107,42.5048521939493,6812.51742255874,111.1747554578083,-68.82219194745478,398.2285456888207,86.65455835713935,6824.146804346153,371.3413659491127,-143.84562744998652
55.4,-3787767,2806783,4291762,-203,121,204,143.46108891356576,42.50487555125998,6879.245704143308,110.49660519292796,-69.50028862155689,403.3983017869938,86.64402418018477,6891.063172534322,377.8603403188674,-141.2506746841948
55.5,-3787809,2806807,4291799,-205,122,205,143.46115846238902,42.504828996489266,6939.656382340938,110.89321922675356,-69.10362759769284,410.57359988637666,86.6141342697769,6951.791235781536,383.5770252935912,-146.4218105016401
56.0,-3787893,2806858,4291881,-207,123,206,143.461268262436,42.504778072214975,7067.199727117084,111.17434740605356,-68.82242523236732,421.0275186894556,86.59064092238847,7079.729949260606,392.60210474886435,-152.07813399881536
56.3,-3787974,2806906,4291972,-210,124,208,143.46138564461984,42.504812308101066,7197.730234609917,110.23454620707086,-69.76214711976729,428.70769270034424,86.59140370790185,7210.4861705711755,402.24985011504606,-148.2745556826111
56.5,-3788017,2806933,4292008,-212,125,210,143.46143312965148,42.50474339426308,7259.374358242378,111.00268990259735,-68.99397134266098,435.0568286292731,86.57034612749828,7272.399227025693,406.15321954556185,-155.92949172538002
56.8,-3788060,2806956,4292055,-213,125,210,143.46151966995816,42.504761869455855,7326.694996068254,110.4224695210201,-69.5741332517932,440.984043347924,86.55559841586137,7339.9541205581845,413.2660878451585,-153.8767920273926
57.3,-3788189,2807033,4292179,-216,127,214,143.46170116983788,42.50467566673007,7520.6821828773245,110.89342920553364,-69.10305093788847,458.32140472860334,86.51262409023498,7534.634629886232,428.1846547413685,-163.45155697152387
57.4,-3788190,2807035,4292176,-217,127,214,143.46168887719023,42.50464366515199,7520.125385905616,111.35331369453394,-68.6431747556065,458.6602365941719,86.50979452210103,7534.099483838444,427.17450440739884,-167.00645321937407
57.7,-3788277,2807084,4292264,-219,128,216,143.46183988740714,42.504625111439154,7652.621872263029,111.03693348712557,-68.95945293214544,470.9776307009255,86.47819565573538,7667.101241568365,439.58660643982734,-169.06668524394075
57.8,-3788277,2807084,4292264,-219,128,216,143.46183988740714,42.504625111439154,7652.621872263029,111.03693348712557,-68.95945293214544,470.9776307009255,86.47819565573538,7667.101241568365,439.58660643982734,-169.06668524394075
57.8,-3788324,2807110,4292309,-220,128,216,143.4619260661888,42.50459995461305,7722.277296130545,111.04472375764439,-68.95160443499236,478.59196255483107,86.45360155509113,7737.093569613552,446.670074106563,-171.86073291977533
58.2,-3788366,2807137,4292351,-222,129,217,143.46196630679154,42.504575700727045,7787.383037036285,111.20219723821828,-68.79410376633312,482.64823491416155,86.45344535321257,7802.32554333554,449.977743349956,-174.55471679515512
58.3,-3788410,2807160,4292398,-223,129,219,143.46206006875002,42.504589294818636,7855.296049086377,110.71091922831633,-69.28531842461857,489.30473367566543,86.43566311855899,7870.520639779141,457.68422254095435,-173.04414128914055
58.8,-3788499,2807214,4292481,-226,130,221,143.46217671612933,42.50450975609517,7987.793561737053,111.26774343093018,-68.72841541102898,501.4214261935826,86.40805884865334,8003.51606680301,467.27241295037265,-181.87891230580522
59.1,-3788592,2807267,4292577,-228,131,223,143.4623320577662,42.50450048117478,8131.004951164126,110.85818539317096,-69.13786849119704,513.7064675759244,86.3849309137267,8147.216448007557,480.0404952922045,-182.90833143667695
59.2,-3788639,2807292,4292615,-230,131,223,143.46242798718848,42.50443254658653,8195.491986708716,111.3224077387422,-68.67358133267027,523.7789028033415,86.34316515609729,8212.2124450862,487.92576175683337,-190.4541678091769
59.6,-3788683,2807320,4292664,-231,132,225,143.46247292454902,42.50444131498868,8266.950865571387,111.07766040913319,-68.91829829964233,526.8701011971606,86.35335187197953,8283.72311930493,491.61923876921185,-189.47988707904307
59.7,-3788731,2807346,4292705,-232,132,226,143.46256632148442,42.50438476944419,8334.49610593263,111.40880524407251,-68.58709036249525,536.301209172271,86.31825482650795,8351.73301337907,499.29628116395435,-195.76059505295098
60.1,-3788825,2807400,4292800,-235,132,227,143.46271911683888,42.50436037266189,8478.063158098608,111.19359691243613,-68.8021954577103,548.9863563264503,86.29505615040173,8495.819026564863,511.8552297214792,-198.46975396609923
60.2,-3788824,2807399,4292797,-235,133,228,143.46272164561128,42.50434898578879,8475.00497634057,111.30869629693942,-68.68709436507856,549.6386198149601,86.28933173880976,8492.809426885164,512.0631707971899,-199.73462770692078
60.5,-3788922,2807452,4292894,-238,133,230,143.46291312995933,42.50432194027063,8621.853805642575,111.0126296341014,-68.98303165115236,565.4004658294656,86.24805254888958,8640.372719543615,527.8021316347213,-202.73775327259875
60.6,-3788969,2807481,4292935,-239,133,231,143.46296999683128,42.50425943070533,8690.123467580415,111.49375753282055,-68.50186533250627,572.2741174489765,86.2323186164507,8708.946178918197,532.4767408345841,-209.6811531163071
61.0,-3789017,2807507,4292985,-240,134,232,143.46306338162057,42.5042625388196,8763.74957911577,111.18377272716828,-68.81178704192541,579.2976863448614,86.21816024015058,8782.874956120937,540.1523304376943,-209.3353035855093
61.1,-3789067,2807533,4293028,-242,134,232,143.4631712305576,42.50420949369512,8833.830873217434,111.40628826105298,-68.58919864141126,589.6970698490418,86.18092075063828,8853.491431678129,549.0172684353932,-215.22702699309153
61.5,-3789164,2807590,4293122,-246,135,234,143.46331641351387,42.50415298641752,8979.816121174023,111.54761270020393,-68.44777611088375,603.0999014793832,86.15768710076338,9000.045947730561,560.9508685893413,-221.50307942172105
61.5,-3789164,2807590,4293122,-246,135,234,143.46331641351387,42.50415298641752,8979.816121174023,111.54761270020393,-68.44777611088375,603.0999014793832,86.15768710076338,9000.045947730561,560.9508685893413,-221.50307942172105
61.6,-3789165,2807588,4293123,-245,135,234,143.4633431698362,42.504161965544434,8980.206311333925,111.38318847455788,-68.6121822580515,604.7814233348896,86.14717335886186,9000.548092429295,563.1499857001121,-220.50547298636042
61.9,-3789264,2807642,4293217,-248,135,236,143.4635320952087,42.50410654790371,9126.059591505677,111.38955933537169,-68.60568375108515,621.4854397952025,86.10416754371313,9147.196719191634,578.6789457183454,-226.66016337182083
62.0,-3789313,2807671,4293263,-250,136,237,143.46360341546384,42.504067421179585,9198.892225349322,111.563528037608,-68.43166686266792,628.5319356886723,86.09123131941787,9220.340046211568,584.5413810624184,-231.00599127769357
62.4,-3789363,2807696,4293314,-251,137,238,143.46372101163266,42.50407101373916,9273.93984282948,111.21076029108212,-68.78435515447826,637.3861811776486,86.06831622460174,9295.817411738266,594.2070093526493,-230.60610137723333
62.5,-3789413,2807725,4293358,-253,137,239,143.46379956036427,42.50401375433244,9346.013559801504,111.52958455733189,-68.46547781900261,645.7165731544147,86.04771222933847,9368.293299894056,600.6637667229128,-236.96609924738777
62.8,-3789515,2807778,4293459,-256,138,240,143.4640199213164,42.50399370686645,9497.934599539265,111.13429035278482,-68.86062313641324,663.3977744769328,86.0045774563528,9521.074428041515,618.7762583254454,-239.1914490815027
63.0,-3789515,2807779,4293455,-256,138,240,143.46401016035676,42.50396358385635,9495.670927497558,111.42862369603529,-68.56629638966542,663.864983812819,86.0008226890819,9518.848831663161,617.9742648233106,-242.53767696768944
63.3,-3789619,2807834,4293556,-259,139,242,143.46422545343083,42.50392654744,9649.654510177672,111.20704353733817,-68.78773108630747,681.8454231786761,85.95819303508777,9673.714144365751,635.6704001534293,-246.65020469986857
63.4,-3789671,2807862,4293595,-260,139,243,143.46432821566742,42.50383001572482,9719.095906552859,111.78034481584463,-68.21436038084653,693.6341613897873,85.9178259893471,9743.816171840448,644.1178168176524,-257.37246920557516
63.8,-3789725,2807890,4293655,-262,139,245,143.46444543893773,42.503862884887255,9803.91046720557,111.2111574548102,-68.78346853778072,701.2605685171359,85.90867777574218,9828.958583387148,653.7525232150834,-253.72036447019477
63.9,-3789777,2807920,4293698,-264,140,245,143.46452867503234,42.503785631362895,9876.932233802043,111.6564586836617,-68.3381110740724,710.7654348909006,85.88396686288083,9902.473320062694,660.5948400658968,-262.30127852140413
64.2,-3789883,2807975,4293803,-267,141,247,143.46475840481042,42.50376534706009,10034.803221590817,111.27331541057568,-68.72109913036739,729.162383690915,85.84400115430846,10061.26003430183,679.4774812332811,-264.55270606571645
64.4,-3789886,2807974,4293800,-267,140,247,143.46478985938478,42.50373444517268,10034.114499427378,111.45004545554465,-68.54434783463961,732.8207383832646,85.82293760990333,10060.838932326833,682.0631969198598,-267.98513020698306
64.7,-3789991,2808033,4293906,-270,141,250,143.46497330564503,42.50371120723937,10193.824369697832,111.21154010067868,-68.78272924461342,747.8047210468326,85.80437707968568,10221.216521582219,697.1416589968244,-270.5649794616564
64.8,-3790046,2808059,4293950,-270,141,252,143.4651172626444,42.50364040837294,10267.543393983506,111.4409096964,-68.55326238775076,761.6874194611559,85.75734143922675,10295.757139341415,708.9748821829016,-278.42834158744597
65.2,-3790101,2808089,4294006,-271,142,253,143.4652221769614,42.503634663338566,10351.125622782856,111.25047979944813,-68.74362139933335,769.9512646747042,85.7459828428343,10379.721894569524,717.5983007482406,-279.0656351782034
65.3,-3790155,2808118,4294062,-273,142,254,143.46532961726112,42.50363741234517,10433.676615356468,110.99376410967236,-69.00026449657653,778.078545386114,85.73513232023,10462.648514435843,726.4292438331673,-278.7593522989743
65.6,-3790264,2808173,4294155,-275,145,255,143.46558099851455,42.50352298572444,10585.217274074443,111.3125648721024,-68.68129389429895,801.9358532337155,85.66754902707842,10615.551132751689,747.092699040283,-291.46802867963476
65.7,-3790265,2808175,4294158,-275,144,255,143.46556871033997,42.503530754501654,10588.714310502633,111.28131297683196,-68.71255409165067,800.6813254296916,85.6757240455809,10618.943513096541,746.0825875703523,-290.6051572429079
66.1,-3790376,2808232,4294258,-279,145,257,143.46581502146148,42.503445724969104,10747.04699703306,111.38231987733006,-68.61138077553369,822.9757875043202,85.62101167454556,10778.511414070854,766.3290175638966,-300.0483022080096
66.2,-3790376,2808232,4294258,-279,145,257,143.46581502146148,42.503445724969104,10747.04699703306,111.38231987733006,-68.61138077553369,822.9757875043202,85.62101167454556,10778.511414070854,766.3290175638966,-300.0483022080096
66.2,-3790376,2808232,4294258,-279,145,257,143.46581502146148,42.503445724969104,10747.04699703306,111.38231987733006,-68.61138077553369,822.9757875043202,85.62101167454556,10778.511414070854,766.3290175638966,-300.0483022080096
